Workbook

Sheet STREAM WISE
B1: SRI CHAITANYA EDUCATIONAL INSTITUTIONS
B2: STREAM-WISE_DAILY_ATTENDANCE_REPORT | U2: ='Format-Blr'!U2 -> Date:18-04-2026
A3: CITY | B3: NAME OF THE CAMPUS | C3: RESI. /DAY | D3: BOYS /GIRLS / COED | E3: INCOMING SENIORS | Y3: TOT STR | Z3: TOT PRE | AA3: TOT PRE (%) | AB3: OUTGOING SENIORS | AV3: TOT STR | AW3: TOT PRE | AX3: TOT PRE (%) | AY3: LTC-VAIDYAH | BB3: CO-IPL | BJ3: TOT STR | BK3: TOT PRE | BL3: TOT PRE (%) | BN3: GRAND TOTAL
E4: Super60(N) | G4: Super60(S) | I4: Elite(C-120) | K4: S60(Star) | M4: C120(Star) | O4: JEE Apex | Q4: MPL-ELITE | S4: AIIMS S60 | U4: NEET Wisdom | W4: Sr.ELITE & AS60 (Star) | AB4: Super60(N) | AD4: Super60(S) | AF4: Elite(C-120) | AH4: S60(Star) | AJ4: C120(Star) | AL4: JEE Apex (2Hrs) | AN4: MPL-ELITE | AP4: AIIMS S60 | AR4: NEET Wisdom (2Hrs) | AT4: Sr.ELITE & AS60 (Star) | BB4: 7TH CLASS | BD4: 8TH CLASS | BF4: 9TH CLASS | BH4: 10TH CLASS
E5: STR | F5: PRE | G5: STR | H5: PRE | I5: STR | J5: PRE | K5: STR | L5: PRE | M5: STR | N5: PRE | O5: STR | P5: PRE | Q5: STR | R5: PRE | S5: STR | T5: PRE | U5: STR | V5: PRE | W5: STR | X5: PRE | AB5: STR | AC5: PRE | AD5: STR | AE5: PRE | AF5: STR | AG5: PRE | AH5: STR | AI5: PRE | AJ5: STR | AK5: PRE | AL5: STR | AM5: PRE | AN5: STR | AO5: PRE | AP5: STR | AQ5: PRE | AR5: STR | AS5: PRE | AT5: STR | AU5: PRE | AY5: STR | AZ5: PRE | BA5: PRE (%) | BB5: STR | BC5: PRE | BD5: STR | BE5: PRE | BF5: STR | BG5: PRE | BH5: STR | BI5: PRE | BN5: TOT STR | BO5: TOT PRE | BP5: TOT PRE (%)
A6: BANGALORE | B6: BANASWADI | C6: DAY | D6: COED | E6: =_xlfn.XLOOKUP(B6,'Format-Blr'!$B$7:$B$44,'Format-Blr'!I$7:I$44) -> 0 | F6: =_xlfn.XLOOKUP(B6,'Format-Blr'!$B$7:$B$44,'Format-Blr'!J$7:J$44) -> 0 | G6: =_xlfn.XLOOKUP(B6,'Format-Blr'!$B$7:$B$44,'Format-Blr'!P$7:P$44) -> 0 | H6: =_xlfn.XLOOKUP(B6,'Format-Blr'!$B$7:$B$44,'Format-Blr'!Q$7:Q$44) -> 0 | I6: =_xlfn.XLOOKUP(B6,'Format-Blr'!$B$7:$B$44,'Format-Blr'!W$7:W$44) -> 0 | J6: =_xlfn.XLOOKUP(B6,'Format-Blr'!$B$7:$B$44,'Format-Blr'!X$7:X$44) -> 0 | K6: =_xlfn.XLOOKUP(B6,'Format-Blr'!$B$7:$B$44,'Format-Blr'!AD$7:AD$44) -> 0 | L6: =_xlfn.XLOOKUP(B6,'Format-Blr'!$B$7:$B$44,'Format-Blr'!AE$7:AE$44) -> 0 | M6: =_xlfn.XLOOKUP(B6,'Format-Blr'!$B$7:$B$44,'Format-Blr'!AK$7:AK$44) -> 67 | N6: =_xlfn.XLOOKUP(B6,'Format-Blr'!$B$7:$B$44,'Format-Blr'!AL$7:AL$44) -> 60 | O6: =_xlfn.XLOOKUP(B6,'Format-Blr'!$B$7:$B$44,'Format-Blr'!AR$7:AR$44) -> 57 | P6: =_xlfn.XLOOKUP(B6,'Format-Blr'!$B$7:$B$44,'Format-Blr'!AS$7:AS$44) -> 48 | Q6: =_xlfn.XLOOKUP(B6,'Format-Blr'!$B$7:$B$44,'Format-Blr'!AY$7:AY$44) -> 0 | R6: =_xlfn.XLOOKUP(B6,'Format-Blr'!$B$7:$B$44,'Format-Blr'!AZ$7:AZ$44) -> 0 | S6: =_xlfn.XLOOKUP(B6,'Format-Blr'!$B$7:$B$44,'Format-Blr'!BF$7:BF$44) -> 0 | T6: =_xlfn.XLOOKUP(B6,'Format-Blr'!$B$7:$B$44,'Format-Blr'!BG$7:BG$44) -> 0 | U6: =_xlfn.XLOOKUP(B6,'Format-Blr'!$B$7:$B$44,'Format-Blr'!BM$7:BM$44) -> 0 | V6: =_xlfn.XLOOKUP(B6,'Format-Blr'!$B$7:$B$44,'Format-Blr'!BN$7:BN$44) -> 0 | W6: =_xlfn.XLOOKUP(B6,'Format-Blr'!$B$7:$B$44,'Format-Blr'!BT$7:BT$44) -> 48 | X6: =_xlfn.XLOOKUP(B6,'Format-Blr'!$B$7:$B$44,'Format-Blr'!BU$7:BU$44) -> 42 | Y6: =SUM(E6,G6,I6,K6,M6,O6,Q6,S6,U6,W6) -> 172 | Z6: =SUM(F6,H6,J6,L6,N6,P6,R6,T6,V6,X6) -> 150 | AA6: =Z6/Y6*100 -> 87.209302 | AB6: =_xlfn.XLOOKUP(B6,'Format-Blr'!$B$51:$B$88,'Format-Blr'!I$51:I$88) -> 0 | AC6: =_xlfn.XLOOKUP(B6,'Format-Blr'!$B$51:$B$88,'Format-Blr'!J$51:J$88) -> 0 | AD6: =_xlfn.XLOOKUP(B6,'Format-Blr'!$B$51:$B$88,'Format-Blr'!P$51:P$88) -> 0 | AE6: =_xlfn.XLOOKUP(B6,'Format-Blr'!$B$51:$B$88,'Format-Blr'!Q$51:Q$88) -> 0 | AF6: =_xlfn.XLOOKUP(B6,'Format-Blr'!$B$51:$B$88,'Format-Blr'!W$51:W$88) -> 3 | AG6: =_xlfn.XLOOKUP(B6,'Format-Blr'!$B$51:$B$88,'Format-Blr'!X$51:X$88) -> 1 | AH6: =_xlfn.XLOOKUP(B6,'Format-Blr'!$B$51:$B$88,'Format-Blr'!AD$51:AD$88) -> 0 | AI6: =_xlfn.XLOOKUP(B6,'Format-Blr'!$B$51:$B$88,'Format-Blr'!AE$51:AE$88) -> 0 | AJ6: =_xlfn.XLOOKUP(B6,'Format-Blr'!$B$51:$B$88,'Format-Blr'!AK$51:AK$88) -> 39 | AK6: =_xlfn.XLOOKUP(B6,'Format-Blr'!$B$51:$B$88,'Format-Blr'!AL$51:AL$88) -> 11 | AL6: =_xlfn.XLOOKUP(B6,'Format-Blr'!$B$51:$B$88,'Format-Blr'!AR$51:AR$88) -> 28 | AM6: =_xlfn.XLOOKUP(B6,'Format-Blr'!$B$51:$B$88,'Format-Blr'!AS$51:AS$88) -> 10 | AN6: =_xlfn.XLOOKUP(B6,'Format-Blr'!$B$51:$B$88,'Format-Blr'!AY$51:AY$88) -> 0 | AO6: =_xlfn.XLOOKUP(B6,'Format-Blr'!$B$51:$B$88,'Format-Blr'!AZ$51:AZ$88) -> 0 | AP6: =_xlfn.XLOOKUP(B6,'Format-Blr'!$B$51:$B$88,'Format-Blr'!BF$51:BF$88) -> 5 | AQ6: =_xlfn.XLOOKUP(B6,'Format-Blr'!$B$51:$B$88,'Format-Blr'!BG$51:BG$88) -> 1 | AR6: =_xlfn.XLOOKUP(B6,'Format-Blr'!$B$51:$B$88,'Format-Blr'!BM$51:BM$88) -> 0 | AS6: =_xlfn.XLOOKUP(B6,'Format-Blr'!$B$51:$B$88,'Format-Blr'!BN$51:BN$88) -> 0 | AT6: =_xlfn.XLOOKUP(B6,'Format-Blr'!$B$51:$B$88,'Format-Blr'!BT$51:BT$88) -> 40 | AU6: =_xlfn.XLOOKUP(B6,'Format-Blr'!$B$51:$B$88,'Format-Blr'!BU$51:BU$88) -> 6 | AV6: =SUM(AB6,AD6,AF6,AH6,AJ6,AL6,AN6,AP6,AR6,AT6) -> 115 | AW6: =SUM(AC6,AE6,AG6,AI6,AK6,AM6,AO6,AQ6,AS6,AU6) -> 29 | AX6: =AW6/AV6*100 -> 25.217391 | AY6: =_xlfn.XLOOKUP(B6,'Format-Blr'!B$51:B$88,'Format-Blr'!CF$51:CF$88) -> 0 | AZ6: =_xlfn.XLOOKUP(B6,'Format-Blr'!B$51:B$88,'Format-Blr'!CG$51:CG$88) -> 0 | BA6: =AZ6/AY6*100 -> #DIV/0! | BB6: =_xlfn.XLOOKUP(B6,'Format-Blr'!$B$7:$B$44,'Format-Blr'!CF$7:CF$44) -> 0 | BC6: =_xlfn.XLOOKUP(B6,'Format-Blr'!$B$7:$B$44,'Format-Blr'!CG$7:CG$44) -> 0 | BD6: =_xlfn.XLOOKUP(B6,'Format-Blr'!$B$7:$B$44,'Format-Blr'!CI$7:CI$44) -> 0 | BE6: =_xlfn.XLOOKUP(B6,'Format-Blr'!$B$7:$B$44,'Format-Blr'!CJ$7:CJ$44) -> 0 | BF6: =_xlfn.XLOOKUP(B6,'Format-Blr'!$B$7:$B$44,'Format-Blr'!CL$7:CL$44) -> 0 | BG6: =_xlfn.XLOOKUP(B6,'Format-Blr'!$B$7:$B$44,'Format-Blr'!CM$7:CM$44) -> 0 | BH6: =_xlfn.XLOOKUP(B6,'Format-Blr'!$B$7:$B$44,'Format-Blr'!CO$7:CO$44) -> 0 | BI6: =_xlfn.XLOOKUP(B6,'Format-Blr'!$B$7:$B$44,'Format-Blr'!CP$7:CP$44) -> 0 | BJ6: =SUM(BB6,BD6,BF6,BH6) -> 0 | BK6: =SUM(BC6,BE6,BG6,BI6) -> 0 | BL6: =BK6/BJ6*100 -> #DIV/0! | BN6: =SUM(Y6,AV6,AY6,BJ6) -> 287 | BO6: =SUM(Z6,AW6,AZ6,BK6) -> 179 | BP6: =BO6/BN6*100 -> 62.369338
A7: BANGALORE | B7: HORAMAVU | C7: DAY | D7: COED | E7: =_xlfn.XLOOKUP(B7,'Format-Blr'!$B$7:$B$44,'Format-Blr'!I$7:I$44) -> 4 | F7: =_xlfn.XLOOKUP(B7,'Format-Blr'!$B$7:$B$44,'Format-Blr'!J$7:J$44) -> 4 | G7: =_xlfn.XLOOKUP(B7,'Format-Blr'!$B$7:$B$44,'Format-Blr'!P$7:P$44) -> 38 | H7: =_xlfn.XLOOKUP(B7,'Format-Blr'!$B$7:$B$44,'Format-Blr'!Q$7:Q$44) -> 36 | I7: =_xlfn.XLOOKUP(B7,'Format-Blr'!$B$7:$B$44,'Format-Blr'!W$7:W$44) -> 115 | J7: =_xlfn.XLOOKUP(B7,'Format-Blr'!$B$7:$B$44,'Format-Blr'!X$7:X$44) -> 95 | K7: =_xlfn.XLOOKUP(B7,'Format-Blr'!$B$7:$B$44,'Format-Blr'!AD$7:AD$44) -> 0 | L7: =_xlfn.XLOOKUP(B7,'Format-Blr'!$B$7:$B$44,'Format-Blr'!AE$7:AE$44) -> 0 | M7: =_xlfn.XLOOKUP(B7,'Format-Blr'!$B$7:$B$44,'Format-Blr'!AK$7:AK$44) -> 52 | N7: =_xlfn.XLOOKUP(B7,'Format-Blr'!$B$7:$B$44,'Format-Blr'!AL$7:AL$44) -> 45 | O7: =_xlfn.XLOOKUP(B7,'Format-Blr'!$B$7:$B$44,'Format-Blr'!AR$7:AR$44) -> 92 | P7: =_xlfn.XLOOKUP(B7,'Format-Blr'!$B$7:$B$44,'Format-Blr'!AS$7:AS$44) -> 84 | Q7: =_xlfn.XLOOKUP(B7,'Format-Blr'!$B$7:$B$44,'Format-Blr'!AY$7:AY$44) -> 52 | R7: =_xlfn.XLOOKUP(B7,'Format-Blr'!$B$7:$B$44,'Format-Blr'!AZ$7:AZ$44) -> 45 | S7: =_xlfn.XLOOKUP(B7,'Format-Blr'!$B$7:$B$44,'Format-Blr'!BF$7:BF$44) -> 0 | T7: =_xlfn.XLOOKUP(B7,'Format-Blr'!$B$7:$B$44,'Format-Blr'!BG$7:BG$44) -> 0 | U7: =_xlfn.XLOOKUP(B7,'Format-Blr'!$B$7:$B$44,'Format-Blr'!BM$7:BM$44) -> 0 | V7: =_xlfn.XLOOKUP(B7,'Format-Blr'!$B$7:$B$44,'Format-Blr'!BN$7:BN$44) -> 0 | W7: =_xlfn.XLOOKUP(B7,'Format-Blr'!$B$7:$B$44,'Format-Blr'!BT$7:BT$44) -> 48 | X7: =_xlfn.XLOOKUP(B7,'Format-Blr'!$B$7:$B$44,'Format-Blr'!BU$7:BU$44) -> 42 | Y7: =SUM(E7,G7,I7,K7,M7,O7,Q7,S7,U7,W7) -> 401 | Z7: =SUM(F7,H7,J7,L7,N7,P7,R7,T7,V7,X7) -> 351 | AA7: =Z7/Y7*100 -> 87.531172 | AB7: =_xlfn.XLOOKUP(B7,'Format-Blr'!$B$51:$B$88,'Format-Blr'!I$51:I$88) -> 0 | AC7: =_xlfn.XLOOKUP(B7,'Format-Blr'!$B$51:$B$88,'Format-Blr'!J$51:J$88) -> 0 | AD7: =_xlfn.XLOOKUP(B7,'Format-Blr'!$B$51:$B$88,'Format-Blr'!P$51:P$88) -> 36 | AE7: =_xlfn.XLOOKUP(B7,'Format-Blr'!$B$51:$B$88,'Format-Blr'!Q$51:Q$88) -> 4 | AF7: =_xlfn.XLOOKUP(B7,'Format-Blr'!$B$51:$B$88,'Format-Blr'!W$51:W$88) -> 106 | AG7: =_xlfn.XLOOKUP(B7,'Format-Blr'!$B$51:$B$88,'Format-Blr'!X$51:X$88) -> 13 | AH7: =_xlfn.XLOOKUP(B7,'Format-Blr'!$B$51:$B$88,'Format-Blr'!AD$51:AD$88) -> 0 | AI7: =_xlfn.XLOOKUP(B7,'Format-Blr'!$B$51:$B$88,'Format-Blr'!AE$51:AE$88) -> 0 | AJ7: =_xlfn.XLOOKUP(B7,'Format-Blr'!$B$51:$B$88,'Format-Blr'!AK$51:AK$88) -> 56 | AK7: =_xlfn.XLOOKUP(B7,'Format-Blr'!$B$51:$B$88,'Format-Blr'!AL$51:AL$88) -> 10 | AL7: =_xlfn.XLOOKUP(B7,'Format-Blr'!$B$51:$B$88,'Format-Blr'!AR$51:AR$88) -> 99 | AM7: =_xlfn.XLOOKUP(B7,'Format-Blr'!$B$51:$B$88,'Format-Blr'!AS$51:AS$88) -> 4 | AN7: =_xlfn.XLOOKUP(B7,'Format-Blr'!$B$51:$B$88,'Format-Blr'!AY$51:AY$88) -> 51 | AO7: =_xlfn.XLOOKUP(B7,'Format-Blr'!$B$51:$B$88,'Format-Blr'!AZ$51:AZ$88) -> 30 | AP7: =_xlfn.XLOOKUP(B7,'Format-Blr'!$B$51:$B$88,'Format-Blr'!BF$51:BF$88) -> 0 | AQ7: =_xlfn.XLOOKUP(B7,'Format-Blr'!$B$51:$B$88,'Format-Blr'!BG$51:BG$88) -> 0 | AR7: =_xlfn.XLOOKUP(B7,'Format-Blr'!$B$51:$B$88,'Format-Blr'!BM$51:BM$88) -> 0 | AS7: =_xlfn.XLOOKUP(B7,'Format-Blr'!$B$51:$B$88,'Format-Blr'!BN$51:BN$88) -> 0 | AT7: =_xlfn.XLOOKUP(B7,'Format-Blr'!$B$51:$B$88,'Format-Blr'!BT$51:BT$88) -> 37 | AU7: =_xlfn.XLOOKUP(B7,'Format-Blr'!$B$51:$B$88,'Format-Blr'!BU$51:BU$88) -> 0 | AV7: =SUM(AB7,AD7,AF7,AH7,AJ7,AL7,AN7,AP7,AR7,AT7) -> 385 | AW7: =SUM(AC7,AE7,AG7,AI7,AK7,AM7,AO7,AQ7,AS7,AU7) -> 61 | AX7: =AW7/AV7*100 -> 15.844156 | AY7: =_xlfn.XLOOKUP(B7,'Format-Blr'!B$51:B$88,'Format-Blr'!CF$51:CF$88) -> 0 | AZ7: =_xlfn.XLOOKUP(B7,'Format-Blr'!B$51:B$88,'Format-Blr'!CG$51:CG$88) -> 0 | BA7: =AZ7/AY7*100 -> #DIV/0! | BB7: =_xlfn.XLOOKUP(B7,'Format-Blr'!$B$7:$B$44,'Format-Blr'!CF$7:CF$44) -> 26 | BC7: =_xlfn.XLOOKUP(B7,'Format-Blr'!$B$7:$B$44,'Format-Blr'!CG$7:CG$44) -> 0 | BD7: =_xlfn.XLOOKUP(B7,'Format-Blr'!$B$7:$B$44,'Format-Blr'!CI$7:CI$44) -> 48 | BE7: =_xlfn.XLOOKUP(B7,'Format-Blr'!$B$7:$B$44,'Format-Blr'!CJ$7:CJ$44) -> 0 | BF7: =_xlfn.XLOOKUP(B7,'Format-Blr'!$B$7:$B$44,'Format-Blr'!CL$7:CL$44) -> 36 | BG7: =_xlfn.XLOOKUP(B7,'Format-Blr'!$B$7:$B$44,'Format-Blr'!CM$7:CM$44) -> 0 | BH7: =_xlfn.XLOOKUP(B7,'Format-Blr'!$B$7:$B$44,'Format-Blr'!CO$7:CO$44) -> 0 | BI7: =_xlfn.XLOOKUP(B7,'Format-Blr'!$B$7:$B$44,'Format-Blr'!CP$7:CP$44) -> 0 | BJ7: =SUM(BB7,BD7,BF7,BH7) -> 110 | BK7: =SUM(BC7,BE7,BG7,BI7) -> 0 | BL7: =BK7/BJ7*100 -> 0 | BN7: =SUM(Y7,AV7,AY7,BJ7) -> 896 | BO7: =SUM(Z7,AW7,AZ7,BK7) -> 412 | BP7: =BO7/BN7*100 -> 45.982143
A8: BANGALORE | B8: KAGGADASPURA | C8: DAY | D8: COED | E8: =_xlfn.XLOOKUP(B8,'Format-Blr'!$B$7:$B$44,'Format-Blr'!I$7:I$44) -> 0 | F8: =_xlfn.XLOOKUP(B8,'Format-Blr'!$B$7:$B$44,'Format-Blr'!J$7:J$44) -> 0 | G8: =_xlfn.XLOOKUP(B8,'Format-Blr'!$B$7:$B$44,'Format-Blr'!P$7:P$44) -> 0 | H8: =_xlfn.XLOOKUP(B8,'Format-Blr'!$B$7:$B$44,'Format-Blr'!Q$7:Q$44) -> 0 | I8: =_xlfn.XLOOKUP(B8,'Format-Blr'!$B$7:$B$44,'Format-Blr'!W$7:W$44) -> 50 | J8: =_xlfn.XLOOKUP(B8,'Format-Blr'!$B$7:$B$44,'Format-Blr'!X$7:X$44) -> 43 | K8: =_xlfn.XLOOKUP(B8,'Format-Blr'!$B$7:$B$44,'Format-Blr'!AD$7:AD$44) -> 0 | L8: =_xlfn.XLOOKUP(B8,'Format-Blr'!$B$7:$B$44,'Format-Blr'!AE$7:AE$44) -> 0 | M8: =_xlfn.XLOOKUP(B8,'Format-Blr'!$B$7:$B$44,'Format-Blr'!AK$7:AK$44) -> 0 | N8: =_xlfn.XLOOKUP(B8,'Format-Blr'!$B$7:$B$44,'Format-Blr'!AL$7:AL$44) -> 0 | O8: =_xlfn.XLOOKUP(B8,'Format-Blr'!$B$7:$B$44,'Format-Blr'!AR$7:AR$44) -> 51 | P8: =_xlfn.XLOOKUP(B8,'Format-Blr'!$B$7:$B$44,'Format-Blr'!AS$7:AS$44) -> 47 | Q8: =_xlfn.XLOOKUP(B8,'Format-Blr'!$B$7:$B$44,'Format-Blr'!AY$7:AY$44) -> 0 | R8: =_xlfn.XLOOKUP(B8,'Format-Blr'!$B$7:$B$44,'Format-Blr'!AZ$7:AZ$44) -> 0 | S8: =_xlfn.XLOOKUP(B8,'Format-Blr'!$B$7:$B$44,'Format-Blr'!BF$7:BF$44) -> 39 | T8: =_xlfn.XLOOKUP(B8,'Format-Blr'!$B$7:$B$44,'Format-Blr'!BG$7:BG$44) -> 36 | U8: =_xlfn.XLOOKUP(B8,'Format-Blr'!$B$7:$B$44,'Format-Blr'!BM$7:BM$44) -> 0 | V8: =_xlfn.XLOOKUP(B8,'Format-Blr'!$B$7:$B$44,'Format-Blr'!BN$7:BN$44) -> 0 | W8: =_xlfn.XLOOKUP(B8,'Format-Blr'!$B$7:$B$44,'Format-Blr'!BT$7:BT$44) -> 0 | X8: =_xlfn.XLOOKUP(B8,'Format-Blr'!$B$7:$B$44,'Format-Blr'!BU$7:BU$44) -> 0 | Y8: =SUM(E8,G8,I8,K8,M8,O8,Q8,S8,U8,W8) -> 140 | Z8: =SUM(F8,H8,J8,L8,N8,P8,R8,T8,V8,X8) -> 126 | AA8: =Z8/Y8*100 -> 90 | AB8: =_xlfn.XLOOKUP(B8,'Format-Blr'!$B$51:$B$88,'Format-Blr'!I$51:I$88) -> 0 | AC8: =_xlfn.XLOOKUP(B8,'Format-Blr'!$B$51:$B$88,'Format-Blr'!J$51:J$88) -> 0 | AD8: =_xlfn.XLOOKUP(B8,'Format-Blr'!$B$51:$B$88,'Format-Blr'!P$51:P$88) -> 0 | AE8: =_xlfn.XLOOKUP(B8,'Format-Blr'!$B$51:$B$88,'Format-Blr'!Q$51:Q$88) -> 0 | AF8: =_xlfn.XLOOKUP(B8,'Format-Blr'!$B$51:$B$88,'Format-Blr'!W$51:W$88) -> 30 | AG8: =_xlfn.XLOOKUP(B8,'Format-Blr'!$B$51:$B$88,'Format-Blr'!X$51:X$88) -> 0 | AH8: =_xlfn.XLOOKUP(B8,'Format-Blr'!$B$51:$B$88,'Format-Blr'!AD$51:AD$88) -> 0 | AI8: =_xlfn.XLOOKUP(B8,'Format-Blr'!$B$51:$B$88,'Format-Blr'!AE$51:AE$88) -> 0 | AJ8: =_xlfn.XLOOKUP(B8,'Format-Blr'!$B$51:$B$88,'Format-Blr'!AK$51:AK$88) -> 53 | AK8: =_xlfn.XLOOKUP(B8,'Format-Blr'!$B$51:$B$88,'Format-Blr'!AL$51:AL$88) -> 2 | AL8: =_xlfn.XLOOKUP(B8,'Format-Blr'!$B$51:$B$88,'Format-Blr'!AR$51:AR$88) -> 36 | AM8: =_xlfn.XLOOKUP(B8,'Format-Blr'!$B$51:$B$88,'Format-Blr'!AS$51:AS$88) -> 2 | AN8: =_xlfn.XLOOKUP(B8,'Format-Blr'!$B$51:$B$88,'Format-Blr'!AY$51:AY$88) -> 0 | AO8: =_xlfn.XLOOKUP(B8,'Format-Blr'!$B$51:$B$88,'Format-Blr'!AZ$51:AZ$88) -> 0 | AP8: =_xlfn.XLOOKUP(B8,'Format-Blr'!$B$51:$B$88,'Format-Blr'!BF$51:BF$88) -> 48 | AQ8: =_xlfn.XLOOKUP(B8,'Format-Blr'!$B$51:$B$88,'Format-Blr'!BG$51:BG$88) -> 1 | AR8: =_xlfn.XLOOKUP(B8,'Format-Blr'!$B$51:$B$88,'Format-Blr'!BM$51:BM$88) -> 0 | AS8: =_xlfn.XLOOKUP(B8,'Format-Blr'!$B$51:$B$88,'Format-Blr'!BN$51:BN$88) -> 0 | AT8: =_xlfn.XLOOKUP(B8,'Format-Blr'!$B$51:$B$88,'Format-Blr'!BT$51:BT$88) -> 0 | AU8: =_xlfn.XLOOKUP(B8,'Format-Blr'!$B$51:$B$88,'Format-Blr'!BU$51:BU$88) -> 0 | AV8: =SUM(AB8,AD8,AF8,AH8,AJ8,AL8,AN8,AP8,AR8,AT8) -> 167 | AW8: =SUM(AC8,AE8,AG8,AI8,AK8,AM8,AO8,AQ8,AS8,AU8) -> 5 | AX8: =AW8/AV8*100 -> 2.994012 | AY8: =_xlfn.XLOOKUP(B8,'Format-Blr'!B$51:B$88,'Format-Blr'!CF$51:CF$88) -> 0 | AZ8: =_xlfn.XLOOKUP(B8,'Format-Blr'!B$51:B$88,'Format-Blr'!CG$51:CG$88) -> 0 | BA8: =AZ8/AY8*100 -> #DIV/0! | BB8: =_xlfn.XLOOKUP(B8,'Format-Blr'!$B$7:$B$44,'Format-Blr'!CF$7:CF$44) -> 0 | BC8: =_xlfn.XLOOKUP(B8,'Format-Blr'!$B$7:$B$44,'Format-Blr'!CG$7:CG$44) -> 0 | BD8: =_xlfn.XLOOKUP(B8,'Format-Blr'!$B$7:$B$44,'Format-Blr'!CI$7:CI$44) -> 0 | BE8: =_xlfn.XLOOKUP(B8,'Format-Blr'!$B$7:$B$44,'Format-Blr'!CJ$7:CJ$44) -> 0 | BF8: =_xlfn.XLOOKUP(B8,'Format-Blr'!$B$7:$B$44,'Format-Blr'!CL$7:CL$44) -> 0 | BG8: =_xlfn.XLOOKUP(B8,'Format-Blr'!$B$7:$B$44,'Format-Blr'!CM$7:CM$44) -> 0 | BH8: =_xlfn.XLOOKUP(B8,'Format-Blr'!$B$7:$B$44,'Format-Blr'!CO$7:CO$44) -> 0 | BI8: =_xlfn.XLOOKUP(B8,'Format-Blr'!$B$7:$B$44,'Format-Blr'!CP$7:CP$44) -> 0 | BJ8: =SUM(BB8,BD8,BF8,BH8) -> 0 | BK8: =SUM(BC8,BE8,BG8,BI8) -> 0 | BL8: =BK8/BJ8*100 -> #DIV/0! | BN8: =SUM(Y8,AV8,AY8,BJ8) -> 307 | BO8: =SUM(Z8,AW8,AZ8,BK8) -> 131 | BP8: =BO8/BN8*100 -> 42.67101
A9: BANGALORE | B9: KR PURAM | C9: DAY | D9: COED | E9: =_xlfn.XLOOKUP(B9,'Format-Blr'!$B$7:$B$44,'Format-Blr'!I$7:I$44) -> 0 | F9: =_xlfn.XLOOKUP(B9,'Format-Blr'!$B$7:$B$44,'Format-Blr'!J$7:J$44) -> 0 | G9: =_xlfn.XLOOKUP(B9,'Format-Blr'!$B$7:$B$44,'Format-Blr'!P$7:P$44) -> 0 | H9: =_xlfn.XLOOKUP(B9,'Format-Blr'!$B$7:$B$44,'Format-Blr'!Q$7:Q$44) -> 0 | I9: =_xlfn.XLOOKUP(B9,'Format-Blr'!$B$7:$B$44,'Format-Blr'!W$7:W$44) -> 51 | J9: =_xlfn.XLOOKUP(B9,'Format-Blr'!$B$7:$B$44,'Format-Blr'!X$7:X$44) -> 46 | K9: =_xlfn.XLOOKUP(B9,'Format-Blr'!$B$7:$B$44,'Format-Blr'!AD$7:AD$44) -> 0 | L9: =_xlfn.XLOOKUP(B9,'Format-Blr'!$B$7:$B$44,'Format-Blr'!AE$7:AE$44) -> 0 | M9: =_xlfn.XLOOKUP(B9,'Format-Blr'!$B$7:$B$44,'Format-Blr'!AK$7:AK$44) -> 0 | N9: =_xlfn.XLOOKUP(B9,'Format-Blr'!$B$7:$B$44,'Format-Blr'!AL$7:AL$44) -> 0 | O9: =_xlfn.XLOOKUP(B9,'Format-Blr'!$B$7:$B$44,'Format-Blr'!AR$7:AR$44) -> 100 | P9: =_xlfn.XLOOKUP(B9,'Format-Blr'!$B$7:$B$44,'Format-Blr'!AS$7:AS$44) -> 89 | Q9: =_xlfn.XLOOKUP(B9,'Format-Blr'!$B$7:$B$44,'Format-Blr'!AY$7:AY$44) -> 0 | R9: =_xlfn.XLOOKUP(B9,'Format-Blr'!$B$7:$B$44,'Format-Blr'!AZ$7:AZ$44) -> 0 | S9: =_xlfn.XLOOKUP(B9,'Format-Blr'!$B$7:$B$44,'Format-Blr'!BF$7:BF$44) -> 48 | T9: =_xlfn.XLOOKUP(B9,'Format-Blr'!$B$7:$B$44,'Format-Blr'!BG$7:BG$44) -> 41 | U9: =_xlfn.XLOOKUP(B9,'Format-Blr'!$B$7:$B$44,'Format-Blr'!BM$7:BM$44) -> 0 | V9: =_xlfn.XLOOKUP(B9,'Format-Blr'!$B$7:$B$44,'Format-Blr'!BN$7:BN$44) -> 0 | W9: =_xlfn.XLOOKUP(B9,'Format-Blr'!$B$7:$B$44,'Format-Blr'!BT$7:BT$44) -> 0 | X9: =_xlfn.XLOOKUP(B9,'Format-Blr'!$B$7:$B$44,'Format-Blr'!BU$7:BU$44) -> 0 | Y9: =SUM(E9,G9,I9,K9,M9,O9,Q9,S9,U9,W9) -> 199 | Z9: =SUM(F9,H9,J9,L9,N9,P9,R9,T9,V9,X9) -> 176 | AA9: =Z9/Y9*100 -> 88.442211 | AB9: =_xlfn.XLOOKUP(B9,'Format-Blr'!$B$51:$B$88,'Format-Blr'!I$51:I$88) -> 0 | AC9: =_xlfn.XLOOKUP(B9,'Format-Blr'!$B$51:$B$88,'Format-Blr'!J$51:J$88) -> 0 | AD9: =_xlfn.XLOOKUP(B9,'Format-Blr'!$B$51:$B$88,'Format-Blr'!P$51:P$88) -> 0 | AE9: =_xlfn.XLOOKUP(B9,'Format-Blr'!$B$51:$B$88,'Format-Blr'!Q$51:Q$88) -> 0 | AF9: =_xlfn.XLOOKUP(B9,'Format-Blr'!$B$51:$B$88,'Format-Blr'!W$51:W$88) -> 16 | AG9: =_xlfn.XLOOKUP(B9,'Format-Blr'!$B$51:$B$88,'Format-Blr'!X$51:X$88) -> 4 | AH9: =_xlfn.XLOOKUP(B9,'Format-Blr'!$B$51:$B$88,'Format-Blr'!AD$51:AD$88) -> 0 | AI9: =_xlfn.XLOOKUP(B9,'Format-Blr'!$B$51:$B$88,'Format-Blr'!AE$51:AE$88) -> 0 | AJ9: =_xlfn.XLOOKUP(B9,'Format-Blr'!$B$51:$B$88,'Format-Blr'!AK$51:AK$88) -> 49 | AK9: =_xlfn.XLOOKUP(B9,'Format-Blr'!$B$51:$B$88,'Format-Blr'!AL$51:AL$88) -> 6 | AL9: =_xlfn.XLOOKUP(B9,'Format-Blr'!$B$51:$B$88,'Format-Blr'!AR$51:AR$88) -> 36 | AM9: =_xlfn.XLOOKUP(B9,'Format-Blr'!$B$51:$B$88,'Format-Blr'!AS$51:AS$88) -> 7 | AN9: =_xlfn.XLOOKUP(B9,'Format-Blr'!$B$51:$B$88,'Format-Blr'!AY$51:AY$88) -> 22 | AO9: =_xlfn.XLOOKUP(B9,'Format-Blr'!$B$51:$B$88,'Format-Blr'!AZ$51:AZ$88) -> 3 | AP9: =_xlfn.XLOOKUP(B9,'Format-Blr'!$B$51:$B$88,'Format-Blr'!BF$51:BF$88) -> 0 | AQ9: =_xlfn.XLOOKUP(B9,'Format-Blr'!$B$51:$B$88,'Format-Blr'!BG$51:BG$88) -> 0 | AR9: =_xlfn.XLOOKUP(B9,'Format-Blr'!$B$51:$B$88,'Format-Blr'!BM$51:BM$88) -> 42 | AS9: =_xlfn.XLOOKUP(B9,'Format-Blr'!$B$51:$B$88,'Format-Blr'!BN$51:BN$88) -> 8 | AT9: =_xlfn.XLOOKUP(B9,'Format-Blr'!$B$51:$B$88,'Format-Blr'!BT$51:BT$88) -> 0 | AU9: =_xlfn.XLOOKUP(B9,'Format-Blr'!$B$51:$B$88,'Format-Blr'!BU$51:BU$88) -> 0 | AV9: =SUM(AB9,AD9,AF9,AH9,AJ9,AL9,AN9,AP9,AR9,AT9) -> 165 | AW9: =SUM(AC9,AE9,AG9,AI9,AK9,AM9,AO9,AQ9,AS9,AU9) -> 28 | AX9: =AW9/AV9*100 -> 16.969697 | AY9: =_xlfn.XLOOKUP(B9,'Format-Blr'!B$51:B$88,'Format-Blr'!CF$51:CF$88) -> 0 | AZ9: =_xlfn.XLOOKUP(B9,'Format-Blr'!B$51:B$88,'Format-Blr'!CG$51:CG$88) -> 0 | BA9: =AZ9/AY9*100 -> #DIV/0! | BB9: =_xlfn.XLOOKUP(B9,'Format-Blr'!$B$7:$B$44,'Format-Blr'!CF$7:CF$44) -> 0 | BC9: =_xlfn.XLOOKUP(B9,'Format-Blr'!$B$7:$B$44,'Format-Blr'!CG$7:CG$44) -> 0 | BD9: =_xlfn.XLOOKUP(B9,'Format-Blr'!$B$7:$B$44,'Format-Blr'!CI$7:CI$44) -> 0 | BE9: =_xlfn.XLOOKUP(B9,'Format-Blr'!$B$7:$B$44,'Format-Blr'!CJ$7:CJ$44) -> 0 | BF9: =_xlfn.XLOOKUP(B9,'Format-Blr'!$B$7:$B$44,'Format-Blr'!CL$7:CL$44) -> 0 | BG9: =_xlfn.XLOOKUP(B9,'Format-Blr'!$B$7:$B$44,'Format-Blr'!CM$7:CM$44) -> 0 | BH9: =_xlfn.XLOOKUP(B9,'Format-Blr'!$B$7:$B$44,'Format-Blr'!CO$7:CO$44) -> 0 | BI9: =_xlfn.XLOOKUP(B9,'Format-Blr'!$B$7:$B$44,'Format-Blr'!CP$7:CP$44) -> 0 | BJ9: =SUM(BB9,BD9,BF9,BH9) -> 0 | BK9: =SUM(BC9,BE9,BG9,BI9) -> 0 | BL9: =BK9/BJ9*100 -> #DIV/0! | BN9: =SUM(Y9,AV9,AY9,BJ9) -> 364 | BO9: =SUM(Z9,AW9,AZ9,BK9) -> 204 | BP9: =BO9/BN9*100 -> 56.043956
A10: BANGALORE | B10: KUDLU | C10: DAY | D10: COED | E10: =_xlfn.XLOOKUP(B10,'Format-Blr'!$B$7:$B$44,'Format-Blr'!I$7:I$44) -> 0 | F10: =_xlfn.XLOOKUP(B10,'Format-Blr'!$B$7:$B$44,'Format-Blr'!J$7:J$44) -> 0 | G10: =_xlfn.XLOOKUP(B10,'Format-Blr'!$B$7:$B$44,'Format-Blr'!P$7:P$44) -> 44 | H10: =_xlfn.XLOOKUP(B10,'Format-Blr'!$B$7:$B$44,'Format-Blr'!Q$7:Q$44) -> 40 | I10: =_xlfn.XLOOKUP(B10,'Format-Blr'!$B$7:$B$44,'Format-Blr'!W$7:W$44) -> 46 | J10: =_xlfn.XLOOKUP(B10,'Format-Blr'!$B$7:$B$44,'Format-Blr'!X$7:X$44) -> 42 | K10: =_xlfn.XLOOKUP(B10,'Format-Blr'!$B$7:$B$44,'Format-Blr'!AD$7:AD$44) -> 0 | L10: =_xlfn.XLOOKUP(B10,'Format-Blr'!$B$7:$B$44,'Format-Blr'!AE$7:AE$44) -> 0 | M10: =_xlfn.XLOOKUP(B10,'Format-Blr'!$B$7:$B$44,'Format-Blr'!AK$7:AK$44) -> 34 | N10: =_xlfn.XLOOKUP(B10,'Format-Blr'!$B$7:$B$44,'Format-Blr'!AL$7:AL$44) -> 31 | O10: =_xlfn.XLOOKUP(B10,'Format-Blr'!$B$7:$B$44,'Format-Blr'!AR$7:AR$44) -> 41 | P10: =_xlfn.XLOOKUP(B10,'Format-Blr'!$B$7:$B$44,'Format-Blr'!AS$7:AS$44) -> 36 | Q10: =_xlfn.XLOOKUP(B10,'Format-Blr'!$B$7:$B$44,'Format-Blr'!AY$7:AY$44) -> 0 | R10: =_xlfn.XLOOKUP(B10,'Format-Blr'!$B$7:$B$44,'Format-Blr'!AZ$7:AZ$44) -> 0 | S10: =_xlfn.XLOOKUP(B10,'Format-Blr'!$B$7:$B$44,'Format-Blr'!BF$7:BF$44) -> 47 | T10: =_xlfn.XLOOKUP(B10,'Format-Blr'!$B$7:$B$44,'Format-Blr'!BG$7:BG$44) -> 43 | U10: =_xlfn.XLOOKUP(B10,'Format-Blr'!$B$7:$B$44,'Format-Blr'!BM$7:BM$44) -> 0 | V10: =_xlfn.XLOOKUP(B10,'Format-Blr'!$B$7:$B$44,'Format-Blr'!BN$7:BN$44) -> 0 | W10: =_xlfn.XLOOKUP(B10,'Format-Blr'!$B$7:$B$44,'Format-Blr'!BT$7:BT$44) -> 29 | X10: =_xlfn.XLOOKUP(B10,'Format-Blr'!$B$7:$B$44,'Format-Blr'!BU$7:BU$44) -> 27 | Y10: =SUM(E10,G10,I10,K10,M10,O10,Q10,S10,U10,W10) -> 241 | Z10: =SUM(F10,H10,J10,L10,N10,P10,R10,T10,V10,X10) -> 219 | AA10: =Z10/Y10*100 -> 90.871369 | AB10: =_xlfn.XLOOKUP(B10,'Format-Blr'!$B$51:$B$88,'Format-Blr'!I$51:I$88) -> 0 | AC10: =_xlfn.XLOOKUP(B10,'Format-Blr'!$B$51:$B$88,'Format-Blr'!J$51:J$88) -> 0 | AD10: =_xlfn.XLOOKUP(B10,'Format-Blr'!$B$51:$B$88,'Format-Blr'!P$51:P$88) -> 17 | AE10: =_xlfn.XLOOKUP(B10,'Format-Blr'!$B$51:$B$88,'Format-Blr'!Q$51:Q$88) -> 10 | AF10: =_xlfn.XLOOKUP(B10,'Format-Blr'!$B$51:$B$88,'Format-Blr'!W$51:W$88) -> 55 | AG10: =_xlfn.XLOOKUP(B10,'Format-Blr'!$B$51:$B$88,'Format-Blr'!X$51:X$88) -> 4 | AH10: =_xlfn.XLOOKUP(B10,'Format-Blr'!$B$51:$B$88,'Format-Blr'!AD$51:AD$88) -> 0 | AI10: =_xlfn.XLOOKUP(B10,'Format-Blr'!$B$51:$B$88,'Format-Blr'!AE$51:AE$88) -> 0 | AJ10: =_xlfn.XLOOKUP(B10,'Format-Blr'!$B$51:$B$88,'Format-Blr'!AK$51:AK$88) -> 0 | AK10: =_xlfn.XLOOKUP(B10,'Format-Blr'!$B$51:$B$88,'Format-Blr'!AL$51:AL$88) -> 0 | AL10: =_xlfn.XLOOKUP(B10,'Format-Blr'!$B$51:$B$88,'Format-Blr'!AR$51:AR$88) -> 57 | AM10: =_xlfn.XLOOKUP(B10,'Format-Blr'!$B$51:$B$88,'Format-Blr'!AS$51:AS$88) -> 5 | AN10: =_xlfn.XLOOKUP(B10,'Format-Blr'!$B$51:$B$88,'Format-Blr'!AY$51:AY$88) -> 0 | AO10: =_xlfn.XLOOKUP(B10,'Format-Blr'!$B$51:$B$88,'Format-Blr'!AZ$51:AZ$88) -> 0 | AP10: =_xlfn.XLOOKUP(B10,'Format-Blr'!$B$51:$B$88,'Format-Blr'!BF$51:BF$88) -> 48 | AQ10: =_xlfn.XLOOKUP(B10,'Format-Blr'!$B$51:$B$88,'Format-Blr'!BG$51:BG$88) -> 11 | AR10: =_xlfn.XLOOKUP(B10,'Format-Blr'!$B$51:$B$88,'Format-Blr'!BM$51:BM$88) -> 10 | AS10: =_xlfn.XLOOKUP(B10,'Format-Blr'!$B$51:$B$88,'Format-Blr'!BN$51:BN$88) -> 2 | AT10: =_xlfn.XLOOKUP(B10,'Format-Blr'!$B$51:$B$88,'Format-Blr'!BT$51:BT$88) -> 0 | AU10: =_xlfn.XLOOKUP(B10,'Format-Blr'!$B$51:$B$88,'Format-Blr'!BU$51:BU$88) -> 0 | AV10: =SUM(AB10,AD10,AF10,AH10,AJ10,AL10,AN10,AP10,AR10,AT10) -> 187 | AW10: =SUM(AC10,AE10,AG10,AI10,AK10,AM10,AO10,AQ10,AS10,AU10) -> 32 | AX10: =AW10/AV10*100 -> 17.112299 | AY10: =_xlfn.XLOOKUP(B10,'Format-Blr'!B$51:B$88,'Format-Blr'!CF$51:CF$88) -> 0 | AZ10: =_xlfn.XLOOKUP(B10,'Format-Blr'!B$51:B$88,'Format-Blr'!CG$51:CG$88) -> 0 | BA10: =AZ10/AY10*100 -> #DIV/0! | BB10: =_xlfn.XLOOKUP(B10,'Format-Blr'!$B$7:$B$44,'Format-Blr'!CF$7:CF$44) -> 0 | BC10: =_xlfn.XLOOKUP(B10,'Format-Blr'!$B$7:$B$44,'Format-Blr'!CG$7:CG$44) -> 0 | BD10: =_xlfn.XLOOKUP(B10,'Format-Blr'!$B$7:$B$44,'Format-Blr'!CI$7:CI$44) -> 0 | BE10: =_xlfn.XLOOKUP(B10,'Format-Blr'!$B$7:$B$44,'Format-Blr'!CJ$7:CJ$44) -> 0 | BF10: =_xlfn.XLOOKUP(B10,'Format-Blr'!$B$7:$B$44,'Format-Blr'!CL$7:CL$44) -> 0 | BG10: =_xlfn.XLOOKUP(B10,'Format-Blr'!$B$7:$B$44,'Format-Blr'!CM$7:CM$44) -> 0 | BH10: =_xlfn.XLOOKUP(B10,'Format-Blr'!$B$7:$B$44,'Format-Blr'!CO$7:CO$44) -> 0 | BI10: =_xlfn.XLOOKUP(B10,'Format-Blr'!$B$7:$B$44,'Format-Blr'!CP$7:CP$44) -> 0 | BJ10: =SUM(BB10,BD10,BF10,BH10) -> 0 | BK10: =SUM(BC10,BE10,BG10,BI10) -> 0 | BL10: =BK10/BJ10*100 -> #DIV/0! | BN10: =SUM(Y10,AV10,AY10,BJ10) -> 428 | BO10: =SUM(Z10,AW10,AZ10,BK10) -> 251 | BP10: =BO10/BN10*100 -> 58.64486
A11: BANGALORE | B11: MARTHAHALLI | C11: D&R | D11: COED | E11: =_xlfn.XLOOKUP(B11,'Format-Blr'!$B$7:$B$44,'Format-Blr'!I$7:I$44) -> 161 | F11: =_xlfn.XLOOKUP(B11,'Format-Blr'!$B$7:$B$44,'Format-Blr'!J$7:J$44) -> 149 | G11: =_xlfn.XLOOKUP(B11,'Format-Blr'!$B$7:$B$44,'Format-Blr'!P$7:P$44) -> 236 | H11: =_xlfn.XLOOKUP(B11,'Format-Blr'!$B$7:$B$44,'Format-Blr'!Q$7:Q$44) -> 216 | I11: =_xlfn.XLOOKUP(B11,'Format-Blr'!$B$7:$B$44,'Format-Blr'!W$7:W$44) -> 0 | J11: =_xlfn.XLOOKUP(B11,'Format-Blr'!$B$7:$B$44,'Format-Blr'!X$7:X$44) -> 0 | K11: =_xlfn.XLOOKUP(B11,'Format-Blr'!$B$7:$B$44,'Format-Blr'!AD$7:AD$44) -> 0 | L11: =_xlfn.XLOOKUP(B11,'Format-Blr'!$B$7:$B$44,'Format-Blr'!AE$7:AE$44) -> 0 | M11: =_xlfn.XLOOKUP(B11,'Format-Blr'!$B$7:$B$44,'Format-Blr'!AK$7:AK$44) -> 0 | N11: =_xlfn.XLOOKUP(B11,'Format-Blr'!$B$7:$B$44,'Format-Blr'!AL$7:AL$44) -> 0 | O11: =_xlfn.XLOOKUP(B11,'Format-Blr'!$B$7:$B$44,'Format-Blr'!AR$7:AR$44) -> 0 | P11: =_xlfn.XLOOKUP(B11,'Format-Blr'!$B$7:$B$44,'Format-Blr'!AS$7:AS$44) -> 0 | Q11: =_xlfn.XLOOKUP(B11,'Format-Blr'!$B$7:$B$44,'Format-Blr'!AY$7:AY$44) -> 153 | R11: =_xlfn.XLOOKUP(B11,'Format-Blr'!$B$7:$B$44,'Format-Blr'!AZ$7:AZ$44) -> 140 | S11: =_xlfn.XLOOKUP(B11,'Format-Blr'!$B$7:$B$44,'Format-Blr'!BF$7:BF$44) -> 0 | T11: =_xlfn.XLOOKUP(B11,'Format-Blr'!$B$7:$B$44,'Format-Blr'!BG$7:BG$44) -> 0 | U11: =_xlfn.XLOOKUP(B11,'Format-Blr'!$B$7:$B$44,'Format-Blr'!BM$7:BM$44) -> 0 | V11: =_xlfn.XLOOKUP(B11,'Format-Blr'!$B$7:$B$44,'Format-Blr'!BN$7:BN$44) -> 0 | W11: =_xlfn.XLOOKUP(B11,'Format-Blr'!$B$7:$B$44,'Format-Blr'!BT$7:BT$44) -> 0 | X11: =_xlfn.XLOOKUP(B11,'Format-Blr'!$B$7:$B$44,'Format-Blr'!BU$7:BU$44) -> 0 | Y11: =SUM(E11,G11,I11,K11,M11,O11,Q11,S11,U11,W11) -> 550 | Z11: =SUM(F11,H11,J11,L11,N11,P11,R11,T11,V11,X11) -> 505 | AA11: =Z11/Y11*100 -> 91.818182 | AB11: =_xlfn.XLOOKUP(B11,'Format-Blr'!$B$51:$B$88,'Format-Blr'!I$51:I$88) -> 121 | AC11: =_xlfn.XLOOKUP(B11,'Format-Blr'!$B$51:$B$88,'Format-Blr'!J$51:J$88) -> 45 | AD11: =_xlfn.XLOOKUP(B11,'Format-Blr'!$B$51:$B$88,'Format-Blr'!P$51:P$88) -> 180 | AE11: =_xlfn.XLOOKUP(B11,'Format-Blr'!$B$51:$B$88,'Format-Blr'!Q$51:Q$88) -> 43 | AF11: =_xlfn.XLOOKUP(B11,'Format-Blr'!$B$51:$B$88,'Format-Blr'!W$51:W$88) -> 0 | AG11: =_xlfn.XLOOKUP(B11,'Format-Blr'!$B$51:$B$88,'Format-Blr'!X$51:X$88) -> 0 | AH11: =_xlfn.XLOOKUP(B11,'Format-Blr'!$B$51:$B$88,'Format-Blr'!AD$51:AD$88) -> 54 | AI11: =_xlfn.XLOOKUP(B11,'Format-Blr'!$B$51:$B$88,'Format-Blr'!AE$51:AE$88) -> 19 | AJ11: =_xlfn.XLOOKUP(B11,'Format-Blr'!$B$51:$B$88,'Format-Blr'!AK$51:AK$88) -> 0 | AK11: =_xlfn.XLOOKUP(B11,'Format-Blr'!$B$51:$B$88,'Format-Blr'!AL$51:AL$88) -> 0 | AL11: =_xlfn.XLOOKUP(B11,'Format-Blr'!$B$51:$B$88,'Format-Blr'!AR$51:AR$88) -> 0 | AM11: =_xlfn.XLOOKUP(B11,'Format-Blr'!$B$51:$B$88,'Format-Blr'!AS$51:AS$88) -> 0 | AN11: =_xlfn.XLOOKUP(B11,'Format-Blr'!$B$51:$B$88,'Format-Blr'!AY$51:AY$88) -> 0 | AO11: =_xlfn.XLOOKUP(B11,'Format-Blr'!$B$51:$B$88,'Format-Blr'!AZ$51:AZ$88) -> 0 | AP11: =_xlfn.XLOOKUP(B11,'Format-Blr'!$B$51:$B$88,'Format-Blr'!BF$51:BF$88) -> 0 | AQ11: =_xlfn.XLOOKUP(B11,'Format-Blr'!$B$51:$B$88,'Format-Blr'!BG$51:BG$88) -> 0 | AR11: =_xlfn.XLOOKUP(B11,'Format-Blr'!$B$51:$B$88,'Format-Blr'!BM$51:BM$88) -> 0 | AS11: =_xlfn.XLOOKUP(B11,'Format-Blr'!$B$51:$B$88,'Format-Blr'!BN$51:BN$88) -> 0 | AT11: =_xlfn.XLOOKUP(B11,'Format-Blr'!$B$51:$B$88,'Format-Blr'!BT$51:BT$88) -> 0 | AU11: =_xlfn.XLOOKUP(B11,'Format-Blr'!$B$51:$B$88,'Format-Blr'!BU$51:BU$88) -> 0 | AV11: =SUM(AB11,AD11,AF11,AH11,AJ11,AL11,AN11,AP11,AR11,AT11) -> 355 | AW11: =SUM(AC11,AE11,AG11,AI11,AK11,AM11,AO11,AQ11,AS11,AU11) -> 107 | AX11: =AW11/AV11*100 -> 30.140845 | AY11: =_xlfn.XLOOKUP(B11,'Format-Blr'!B$51:B$88,'Format-Blr'!CF$51:CF$88) -> 0 | AZ11: =_xlfn.XLOOKUP(B11,'Format-Blr'!B$51:B$88,'Format-Blr'!CG$51:CG$88) -> 0 | BA11: =AZ11/AY11*100 -> #DIV/0! | BB11: =_xlfn.XLOOKUP(B11,'Format-Blr'!$B$7:$B$44,'Format-Blr'!CF$7:CF$44) -> 45 | BC11: =_xlfn.XLOOKUP(B11,'Format-Blr'!$B$7:$B$44,'Format-Blr'!CG$7:CG$44) -> 45 | BD11: =_xlfn.XLOOKUP(B11,'Format-Blr'!$B$7:$B$44,'Format-Blr'!CI$7:CI$44) -> 53 | BE11: =_xlfn.XLOOKUP(B11,'Format-Blr'!$B$7:$B$44,'Format-Blr'!CJ$7:CJ$44) -> 53 | BF11: =_xlfn.XLOOKUP(B11,'Format-Blr'!$B$7:$B$44,'Format-Blr'!CL$7:CL$44) -> 91 | BG11: =_xlfn.XLOOKUP(B11,'Format-Blr'!$B$7:$B$44,'Format-Blr'!CM$7:CM$44) -> 91 | BH11: =_xlfn.XLOOKUP(B11,'Format-Blr'!$B$7:$B$44,'Format-Blr'!CO$7:CO$44) -> 107 | BI11: =_xlfn.XLOOKUP(B11,'Format-Blr'!$B$7:$B$44,'Format-Blr'!CP$7:CP$44) -> 107 | BJ11: =SUM(BB11,BD11,BF11,BH11) -> 296 | BK11: =SUM(BC11,BE11,BG11,BI11) -> 296 | BL11: =BK11/BJ11*100 -> 100 | BN11: =SUM(Y11,AV11,AY11,BJ11) -> 1201 | BO11: =SUM(Z11,AW11,AZ11,BK11) -> 908 | BP11: =BO11/BN11*100 -> 75.603664
A12: BANGALORE | B12: MARTHAHALLI C-120 | C12: DAY | D12: COED | E12: =_xlfn.XLOOKUP(B12,'Format-Blr'!$B$7:$B$44,'Format-Blr'!I$7:I$44) -> 0 | F12: =_xlfn.XLOOKUP(B12,'Format-Blr'!$B$7:$B$44,'Format-Blr'!J$7:J$44) -> 0 | G12: =_xlfn.XLOOKUP(B12,'Format-Blr'!$B$7:$B$44,'Format-Blr'!P$7:P$44) -> 0 | H12: =_xlfn.XLOOKUP(B12,'Format-Blr'!$B$7:$B$44,'Format-Blr'!Q$7:Q$44) -> 0 | I12: =_xlfn.XLOOKUP(B12,'Format-Blr'!$B$7:$B$44,'Format-Blr'!W$7:W$44) -> 154 | J12: =_xlfn.XLOOKUP(B12,'Format-Blr'!$B$7:$B$44,'Format-Blr'!X$7:X$44) -> 134 | K12: =_xlfn.XLOOKUP(B12,'Format-Blr'!$B$7:$B$44,'Format-Blr'!AD$7:AD$44) -> 0 | L12: =_xlfn.XLOOKUP(B12,'Format-Blr'!$B$7:$B$44,'Format-Blr'!AE$7:AE$44) -> 0 | M12: =_xlfn.XLOOKUP(B12,'Format-Blr'!$B$7:$B$44,'Format-Blr'!AK$7:AK$44) -> 55 | N12: =_xlfn.XLOOKUP(B12,'Format-Blr'!$B$7:$B$44,'Format-Blr'!AL$7:AL$44) -> 54 | O12: =_xlfn.XLOOKUP(B12,'Format-Blr'!$B$7:$B$44,'Format-Blr'!AR$7:AR$44) -> 112 | P12: =_xlfn.XLOOKUP(B12,'Format-Blr'!$B$7:$B$44,'Format-Blr'!AS$7:AS$44) -> 98 | Q12: =_xlfn.XLOOKUP(B12,'Format-Blr'!$B$7:$B$44,'Format-Blr'!AY$7:AY$44) -> 0 | R12: =_xlfn.XLOOKUP(B12,'Format-Blr'!$B$7:$B$44,'Format-Blr'!AZ$7:AZ$44) -> 0 | S12: =_xlfn.XLOOKUP(B12,'Format-Blr'!$B$7:$B$44,'Format-Blr'!BF$7:BF$44) -> 65 | T12: =_xlfn.XLOOKUP(B12,'Format-Blr'!$B$7:$B$44,'Format-Blr'!BG$7:BG$44) -> 63 | U12: =_xlfn.XLOOKUP(B12,'Format-Blr'!$B$7:$B$44,'Format-Blr'!BM$7:BM$44) -> 0 | V12: =_xlfn.XLOOKUP(B12,'Format-Blr'!$B$7:$B$44,'Format-Blr'!BN$7:BN$44) -> 0 | W12: =_xlfn.XLOOKUP(B12,'Format-Blr'!$B$7:$B$44,'Format-Blr'!BT$7:BT$44) -> 0 | X12: =_xlfn.XLOOKUP(B12,'Format-Blr'!$B$7:$B$44,'Format-Blr'!BU$7:BU$44) -> 0 | Y12: =SUM(E12,G12,I12,K12,M12,O12,Q12,S12,U12,W12) -> 386 | Z12: =SUM(F12,H12,J12,L12,N12,P12,R12,T12,V12,X12) -> 349 | AA12: =Z12/Y12*100 -> 90.414508 | AB12: =_xlfn.XLOOKUP(B12,'Format-Blr'!$B$51:$B$88,'Format-Blr'!I$51:I$88) -> 0 | AC12: =_xlfn.XLOOKUP(B12,'Format-Blr'!$B$51:$B$88,'Format-Blr'!J$51:J$88) -> 0 | AD12: =_xlfn.XLOOKUP(B12,'Format-Blr'!$B$51:$B$88,'Format-Blr'!P$51:P$88) -> 33 | AE12: =_xlfn.XLOOKUP(B12,'Format-Blr'!$B$51:$B$88,'Format-Blr'!Q$51:Q$88) -> 13 | AF12: =_xlfn.XLOOKUP(B12,'Format-Blr'!$B$51:$B$88,'Format-Blr'!W$51:W$88) -> 126 | AG12: =_xlfn.XLOOKUP(B12,'Format-Blr'!$B$51:$B$88,'Format-Blr'!X$51:X$88) -> 28 | AH12: =_xlfn.XLOOKUP(B12,'Format-Blr'!$B$51:$B$88,'Format-Blr'!AD$51:AD$88) -> 0 | AI12: =_xlfn.XLOOKUP(B12,'Format-Blr'!$B$51:$B$88,'Format-Blr'!AE$51:AE$88) -> 0 | AJ12: =_xlfn.XLOOKUP(B12,'Format-Blr'!$B$51:$B$88,'Format-Blr'!AK$51:AK$88) -> 60 | AK12: =_xlfn.XLOOKUP(B12,'Format-Blr'!$B$51:$B$88,'Format-Blr'!AL$51:AL$88) -> 21 | AL12: =_xlfn.XLOOKUP(B12,'Format-Blr'!$B$51:$B$88,'Format-Blr'!AR$51:AR$88) -> 99 | AM12: =_xlfn.XLOOKUP(B12,'Format-Blr'!$B$51:$B$88,'Format-Blr'!AS$51:AS$88) -> 38 | AN12: =_xlfn.XLOOKUP(B12,'Format-Blr'!$B$51:$B$88,'Format-Blr'!AY$51:AY$88) -> 0 | AO12: =_xlfn.XLOOKUP(B12,'Format-Blr'!$B$51:$B$88,'Format-Blr'!AZ$51:AZ$88) -> 0 | AP12: =_xlfn.XLOOKUP(B12,'Format-Blr'!$B$51:$B$88,'Format-Blr'!BF$51:BF$88) -> 30 | AQ12: =_xlfn.XLOOKUP(B12,'Format-Blr'!$B$51:$B$88,'Format-Blr'!BG$51:BG$88) -> 8 | AR12: =_xlfn.XLOOKUP(B12,'Format-Blr'!$B$51:$B$88,'Format-Blr'!BM$51:BM$88) -> 0 | AS12: =_xlfn.XLOOKUP(B12,'Format-Blr'!$B$51:$B$88,'Format-Blr'!BN$51:BN$88) -> 0 | AT12: =_xlfn.XLOOKUP(B12,'Format-Blr'!$B$51:$B$88,'Format-Blr'!BT$51:BT$88) -> 32 | AU12: =_xlfn.XLOOKUP(B12,'Format-Blr'!$B$51:$B$88,'Format-Blr'!BU$51:BU$88) -> 10 | AV12: =SUM(AB12,AD12,AF12,AH12,AJ12,AL12,AN12,AP12,AR12,AT12) -> 380 | AW12: =SUM(AC12,AE12,AG12,AI12,AK12,AM12,AO12,AQ12,AS12,AU12) -> 118 | AX12: =AW12/AV12*100 -> 31.052632 | AY12: =_xlfn.XLOOKUP(B12,'Format-Blr'!B$51:B$88,'Format-Blr'!CF$51:CF$88) -> 0 | AZ12: =_xlfn.XLOOKUP(B12,'Format-Blr'!B$51:B$88,'Format-Blr'!CG$51:CG$88) -> 0 | BA12: =AZ12/AY12*100 -> #DIV/0! | BB12: =_xlfn.XLOOKUP(B12,'Format-Blr'!$B$7:$B$44,'Format-Blr'!CF$7:CF$44) -> 0 | BC12: =_xlfn.XLOOKUP(B12,'Format-Blr'!$B$7:$B$44,'Format-Blr'!CG$7:CG$44) -> 0 | BD12: =_xlfn.XLOOKUP(B12,'Format-Blr'!$B$7:$B$44,'Format-Blr'!CI$7:CI$44) -> 0 | BE12: =_xlfn.XLOOKUP(B12,'Format-Blr'!$B$7:$B$44,'Format-Blr'!CJ$7:CJ$44) -> 0 | BF12: =_xlfn.XLOOKUP(B12,'Format-Blr'!$B$7:$B$44,'Format-Blr'!CL$7:CL$44) -> 0 | BG12: =_xlfn.XLOOKUP(B12,'Format-Blr'!$B$7:$B$44,'Format-Blr'!CM$7:CM$44) -> 0 | BH12: =_xlfn.XLOOKUP(B12,'Format-Blr'!$B$7:$B$44,'Format-Blr'!CO$7:CO$44) -> 0 | BI12: =_xlfn.XLOOKUP(B12,'Format-Blr'!$B$7:$B$44,'Format-Blr'!CP$7:CP$44) -> 0 | BJ12: =SUM(BB12,BD12,BF12,BH12) -> 0 | BK12: =SUM(BC12,BE12,BG12,BI12) -> 0 | BL12: =BK12/BJ12*100 -> #DIV/0! | BN12: =SUM(Y12,AV12,AY12,BJ12) -> 766 | BO12: =SUM(Z12,AW12,AZ12,BK12) -> 467 | BP12: =BO12/BN12*100 -> 60.966057
A13: BANGALORE | B13: BELLANDUR | C13: D&R | D13: COED | E13: =_xlfn.XLOOKUP(B13,'Format-Blr'!$B$7:$B$44,'Format-Blr'!I$7:I$44) -> 0 | F13: =_xlfn.XLOOKUP(B13,'Format-Blr'!$B$7:$B$44,'Format-Blr'!J$7:J$44) -> 0 | G13: =_xlfn.XLOOKUP(B13,'Format-Blr'!$B$7:$B$44,'Format-Blr'!P$7:P$44) -> 0 | H13: =_xlfn.XLOOKUP(B13,'Format-Blr'!$B$7:$B$44,'Format-Blr'!Q$7:Q$44) -> 0 | I13: =_xlfn.XLOOKUP(B13,'Format-Blr'!$B$7:$B$44,'Format-Blr'!W$7:W$44) -> 0 | J13: =_xlfn.XLOOKUP(B13,'Format-Blr'!$B$7:$B$44,'Format-Blr'!X$7:X$44) -> 0 | K13: =_xlfn.XLOOKUP(B13,'Format-Blr'!$B$7:$B$44,'Format-Blr'!AD$7:AD$44) -> 0 | L13: =_xlfn.XLOOKUP(B13,'Format-Blr'!$B$7:$B$44,'Format-Blr'!AE$7:AE$44) -> 0 | M13: =_xlfn.XLOOKUP(B13,'Format-Blr'!$B$7:$B$44,'Format-Blr'!AK$7:AK$44) -> 0 | N13: =_xlfn.XLOOKUP(B13,'Format-Blr'!$B$7:$B$44,'Format-Blr'!AL$7:AL$44) -> 0 | O13: =_xlfn.XLOOKUP(B13,'Format-Blr'!$B$7:$B$44,'Format-Blr'!AR$7:AR$44) -> 0 | P13: =_xlfn.XLOOKUP(B13,'Format-Blr'!$B$7:$B$44,'Format-Blr'!AS$7:AS$44) -> 0 | Q13: =_xlfn.XLOOKUP(B13,'Format-Blr'!$B$7:$B$44,'Format-Blr'!AY$7:AY$44) -> 71 | R13: =_xlfn.XLOOKUP(B13,'Format-Blr'!$B$7:$B$44,'Format-Blr'!AZ$7:AZ$44) -> 69 | S13: =_xlfn.XLOOKUP(B13,'Format-Blr'!$B$7:$B$44,'Format-Blr'!BF$7:BF$44) -> 0 | T13: =_xlfn.XLOOKUP(B13,'Format-Blr'!$B$7:$B$44,'Format-Blr'!BG$7:BG$44) -> 0 | U13: =_xlfn.XLOOKUP(B13,'Format-Blr'!$B$7:$B$44,'Format-Blr'!BM$7:BM$44) -> 0 | V13: =_xlfn.XLOOKUP(B13,'Format-Blr'!$B$7:$B$44,'Format-Blr'!BN$7:BN$44) -> 0 | W13: =_xlfn.XLOOKUP(B13,'Format-Blr'!$B$7:$B$44,'Format-Blr'!BT$7:BT$44) -> 0 | X13: =_xlfn.XLOOKUP(B13,'Format-Blr'!$B$7:$B$44,'Format-Blr'!BU$7:BU$44) -> 0 | Y13: =SUM(E13,G13,I13,K13,M13,O13,Q13,S13,U13,W13) -> 71 | Z13: =SUM(F13,H13,J13,L13,N13,P13,R13,T13,V13,X13) -> 69 | AA13: =Z13/Y13*100 -> 97.183099 | AB13: =_xlfn.XLOOKUP(B13,'Format-Blr'!$B$51:$B$88,'Format-Blr'!I$51:I$88) -> 0 | AC13: =_xlfn.XLOOKUP(B13,'Format-Blr'!$B$51:$B$88,'Format-Blr'!J$51:J$88) -> 0 | AD13: =_xlfn.XLOOKUP(B13,'Format-Blr'!$B$51:$B$88,'Format-Blr'!P$51:P$88) -> 0 | AE13: =_xlfn.XLOOKUP(B13,'Format-Blr'!$B$51:$B$88,'Format-Blr'!Q$51:Q$88) -> 0 | AF13: =_xlfn.XLOOKUP(B13,'Format-Blr'!$B$51:$B$88,'Format-Blr'!W$51:W$88) -> 0 | AG13: =_xlfn.XLOOKUP(B13,'Format-Blr'!$B$51:$B$88,'Format-Blr'!X$51:X$88) -> 0 | AH13: =_xlfn.XLOOKUP(B13,'Format-Blr'!$B$51:$B$88,'Format-Blr'!AD$51:AD$88) -> 0 | AI13: =_xlfn.XLOOKUP(B13,'Format-Blr'!$B$51:$B$88,'Format-Blr'!AE$51:AE$88) -> 0 | AJ13: =_xlfn.XLOOKUP(B13,'Format-Blr'!$B$51:$B$88,'Format-Blr'!AK$51:AK$88) -> 0 | AK13: =_xlfn.XLOOKUP(B13,'Format-Blr'!$B$51:$B$88,'Format-Blr'!AL$51:AL$88) -> 0 | AL13: =_xlfn.XLOOKUP(B13,'Format-Blr'!$B$51:$B$88,'Format-Blr'!AR$51:AR$88) -> 0 | AM13: =_xlfn.XLOOKUP(B13,'Format-Blr'!$B$51:$B$88,'Format-Blr'!AS$51:AS$88) -> 0 | AN13: =_xlfn.XLOOKUP(B13,'Format-Blr'!$B$51:$B$88,'Format-Blr'!AY$51:AY$88) -> 231 | AO13: =_xlfn.XLOOKUP(B13,'Format-Blr'!$B$51:$B$88,'Format-Blr'!AZ$51:AZ$88) -> 137 | AP13: =_xlfn.XLOOKUP(B13,'Format-Blr'!$B$51:$B$88,'Format-Blr'!BF$51:BF$88) -> 0 | AQ13: =_xlfn.XLOOKUP(B13,'Format-Blr'!$B$51:$B$88,'Format-Blr'!BG$51:BG$88) -> 0 | AR13: =_xlfn.XLOOKUP(B13,'Format-Blr'!$B$51:$B$88,'Format-Blr'!BM$51:BM$88) -> 0 | AS13: =_xlfn.XLOOKUP(B13,'Format-Blr'!$B$51:$B$88,'Format-Blr'!BN$51:BN$88) -> 0 | AT13: =_xlfn.XLOOKUP(B13,'Format-Blr'!$B$51:$B$88,'Format-Blr'!BT$51:BT$88) -> 0 | AU13: =_xlfn.XLOOKUP(B13,'Format-Blr'!$B$51:$B$88,'Format-Blr'!BU$51:BU$88) -> 0 | AV13: =SUM(AB13,AD13,AF13,AH13,AJ13,AL13,AN13,AP13,AR13,AT13) -> 231 | AW13: =SUM(AC13,AE13,AG13,AI13,AK13,AM13,AO13,AQ13,AS13,AU13) -> 137 | AX13: =AW13/AV13*100 -> 59.307359 | AY13: =_xlfn.XLOOKUP(B13,'Format-Blr'!B$51:B$88,'Format-Blr'!CF$51:CF$88) -> 0 | AZ13: =_xlfn.XLOOKUP(B13,'Format-Blr'!B$51:B$88,'Format-Blr'!CG$51:CG$88) -> 0 | BA13: =AZ13/AY13*100 -> #DIV/0! | BB13: =_xlfn.XLOOKUP(B13,'Format-Blr'!$B$7:$B$44,'Format-Blr'!CF$7:CF$44) -> 0 | BC13: =_xlfn.XLOOKUP(B13,'Format-Blr'!$B$7:$B$44,'Format-Blr'!CG$7:CG$44) -> 0 | BD13: =_xlfn.XLOOKUP(B13,'Format-Blr'!$B$7:$B$44,'Format-Blr'!CI$7:CI$44) -> 0 | BE13: =_xlfn.XLOOKUP(B13,'Format-Blr'!$B$7:$B$44,'Format-Blr'!CJ$7:CJ$44) -> 0 | BF13: =_xlfn.XLOOKUP(B13,'Format-Blr'!$B$7:$B$44,'Format-Blr'!CL$7:CL$44) -> 0 | BG13: =_xlfn.XLOOKUP(B13,'Format-Blr'!$B$7:$B$44,'Format-Blr'!CM$7:CM$44) -> 0 | BH13: =_xlfn.XLOOKUP(B13,'Format-Blr'!$B$7:$B$44,'Format-Blr'!CO$7:CO$44) -> 0 | BI13: =_xlfn.XLOOKUP(B13,'Format-Blr'!$B$7:$B$44,'Format-Blr'!CP$7:CP$44) -> 0 | BJ13: =SUM(BB13,BD13,BF13,BH13) -> 0 | BK13: =SUM(BC13,BE13,BG13,BI13) -> 0 | BL13: =BK13/BJ13*100 -> #DIV/0! | BN13: =SUM(Y13,AV13,AY13,BJ13) -> 302 | BO13: =SUM(Z13,AW13,AZ13,BK13) -> 206 | BP13: =BO13/BN13*100 -> 68.211921
A14: BANGALORE | B14: HEGDENAGAR | C14: DAY | D14: COED | E14: =_xlfn.XLOOKUP(B14,'Format-Blr'!$B$7:$B$44,'Format-Blr'!I$7:I$44) -> 0 | F14: =_xlfn.XLOOKUP(B14,'Format-Blr'!$B$7:$B$44,'Format-Blr'!J$7:J$44) -> 0 | G14: =_xlfn.XLOOKUP(B14,'Format-Blr'!$B$7:$B$44,'Format-Blr'!P$7:P$44) -> 0 | H14: =_xlfn.XLOOKUP(B14,'Format-Blr'!$B$7:$B$44,'Format-Blr'!Q$7:Q$44) -> 0 | I14: =_xlfn.XLOOKUP(B14,'Format-Blr'!$B$7:$B$44,'Format-Blr'!W$7:W$44) -> 0 | J14: =_xlfn.XLOOKUP(B14,'Format-Blr'!$B$7:$B$44,'Format-Blr'!X$7:X$44) -> 0 | K14: =_xlfn.XLOOKUP(B14,'Format-Blr'!$B$7:$B$44,'Format-Blr'!AD$7:AD$44) -> 0 | L14: =_xlfn.XLOOKUP(B14,'Format-Blr'!$B$7:$B$44,'Format-Blr'!AE$7:AE$44) -> 0 | M14: =_xlfn.XLOOKUP(B14,'Format-Blr'!$B$7:$B$44,'Format-Blr'!AK$7:AK$44) -> 82 | N14: =_xlfn.XLOOKUP(B14,'Format-Blr'!$B$7:$B$44,'Format-Blr'!AL$7:AL$44) -> 71 | O14: =_xlfn.XLOOKUP(B14,'Format-Blr'!$B$7:$B$44,'Format-Blr'!AR$7:AR$44) -> 0 | P14: =_xlfn.XLOOKUP(B14,'Format-Blr'!$B$7:$B$44,'Format-Blr'!AS$7:AS$44) -> 0 | Q14: =_xlfn.XLOOKUP(B14,'Format-Blr'!$B$7:$B$44,'Format-Blr'!AY$7:AY$44) -> 0 | R14: =_xlfn.XLOOKUP(B14,'Format-Blr'!$B$7:$B$44,'Format-Blr'!AZ$7:AZ$44) -> 0 | S14: =_xlfn.XLOOKUP(B14,'Format-Blr'!$B$7:$B$44,'Format-Blr'!BF$7:BF$44) -> 39 | T14: =_xlfn.XLOOKUP(B14,'Format-Blr'!$B$7:$B$44,'Format-Blr'!BG$7:BG$44) -> 26 | U14: =_xlfn.XLOOKUP(B14,'Format-Blr'!$B$7:$B$44,'Format-Blr'!BM$7:BM$44) -> 0 | V14: =_xlfn.XLOOKUP(B14,'Format-Blr'!$B$7:$B$44,'Format-Blr'!BN$7:BN$44) -> 0 | W14: =_xlfn.XLOOKUP(B14,'Format-Blr'!$B$7:$B$44,'Format-Blr'!BT$7:BT$44) -> 0 | X14: =_xlfn.XLOOKUP(B14,'Format-Blr'!$B$7:$B$44,'Format-Blr'!BU$7:BU$44) -> 0 | Y14: =SUM(E14,G14,I14,K14,M14,O14,Q14,S14,U14,W14) -> 121 | Z14: =SUM(F14,H14,J14,L14,N14,P14,R14,T14,V14,X14) -> 97 | AA14: =Z14/Y14*100 -> 80.165289 | AB14: =_xlfn.XLOOKUP(B14,'Format-Blr'!$B$51:$B$88,'Format-Blr'!I$51:I$88) -> 0 | AC14: =_xlfn.XLOOKUP(B14,'Format-Blr'!$B$51:$B$88,'Format-Blr'!J$51:J$88) -> 0 | AD14: =_xlfn.XLOOKUP(B14,'Format-Blr'!$B$51:$B$88,'Format-Blr'!P$51:P$88) -> 0 | AE14: =_xlfn.XLOOKUP(B14,'Format-Blr'!$B$51:$B$88,'Format-Blr'!Q$51:Q$88) -> 0 | AF14: =_xlfn.XLOOKUP(B14,'Format-Blr'!$B$51:$B$88,'Format-Blr'!W$51:W$88) -> 0 | AG14: =_xlfn.XLOOKUP(B14,'Format-Blr'!$B$51:$B$88,'Format-Blr'!X$51:X$88) -> 0 | AH14: =_xlfn.XLOOKUP(B14,'Format-Blr'!$B$51:$B$88,'Format-Blr'!AD$51:AD$88) -> 0 | AI14: =_xlfn.XLOOKUP(B14,'Format-Blr'!$B$51:$B$88,'Format-Blr'!AE$51:AE$88) -> 0 | AJ14: =_xlfn.XLOOKUP(B14,'Format-Blr'!$B$51:$B$88,'Format-Blr'!AK$51:AK$88) -> 0 | AK14: =_xlfn.XLOOKUP(B14,'Format-Blr'!$B$51:$B$88,'Format-Blr'!AL$51:AL$88) -> 0 | AL14: =_xlfn.XLOOKUP(B14,'Format-Blr'!$B$51:$B$88,'Format-Blr'!AR$51:AR$88) -> 71 | AM14: =_xlfn.XLOOKUP(B14,'Format-Blr'!$B$51:$B$88,'Format-Blr'!AS$51:AS$88) -> 10 | AN14: =_xlfn.XLOOKUP(B14,'Format-Blr'!$B$51:$B$88,'Format-Blr'!AY$51:AY$88) -> 0 | AO14: =_xlfn.XLOOKUP(B14,'Format-Blr'!$B$51:$B$88,'Format-Blr'!AZ$51:AZ$88) -> 0 | AP14: =_xlfn.XLOOKUP(B14,'Format-Blr'!$B$51:$B$88,'Format-Blr'!BF$51:BF$88) -> 0 | AQ14: =_xlfn.XLOOKUP(B14,'Format-Blr'!$B$51:$B$88,'Format-Blr'!BG$51:BG$88) -> 0 | AR14: =_xlfn.XLOOKUP(B14,'Format-Blr'!$B$51:$B$88,'Format-Blr'!BM$51:BM$88) -> 0 | AS14: =_xlfn.XLOOKUP(B14,'Format-Blr'!$B$51:$B$88,'Format-Blr'!BN$51:BN$88) -> 0 | AT14: =_xlfn.XLOOKUP(B14,'Format-Blr'!$B$51:$B$88,'Format-Blr'!BT$51:BT$88) -> 0 | AU14: =_xlfn.XLOOKUP(B14,'Format-Blr'!$B$51:$B$88,'Format-Blr'!BU$51:BU$88) -> 0 | AV14: =SUM(AB14,AD14,AF14,AH14,AJ14,AL14,AN14,AP14,AR14,AT14) -> 71 | AW14: =SUM(AC14,AE14,AG14,AI14,AK14,AM14,AO14,AQ14,AS14,AU14) -> 10 | AX14: =AW14/AV14*100 -> 14.084507 | AY14: =_xlfn.XLOOKUP(B14,'Format-Blr'!B$51:B$88,'Format-Blr'!CF$51:CF$88) -> 0 | AZ14: =_xlfn.XLOOKUP(B14,'Format-Blr'!B$51:B$88,'Format-Blr'!CG$51:CG$88) -> 0 | BA14: =AZ14/AY14*100 -> #DIV/0! | BB14: =_xlfn.XLOOKUP(B14,'Format-Blr'!$B$7:$B$44,'Format-Blr'!CF$7:CF$44) -> 0 | BC14: =_xlfn.XLOOKUP(B14,'Format-Blr'!$B$7:$B$44,'Format-Blr'!CG$7:CG$44) -> 0 | BD14: =_xlfn.XLOOKUP(B14,'Format-Blr'!$B$7:$B$44,'Format-Blr'!CI$7:CI$44) -> 0 | BE14: =_xlfn.XLOOKUP(B14,'Format-Blr'!$B$7:$B$44,'Format-Blr'!CJ$7:CJ$44) -> 0 | BF14: =_xlfn.XLOOKUP(B14,'Format-Blr'!$B$7:$B$44,'Format-Blr'!CL$7:CL$44) -> 0 | BG14: =_xlfn.XLOOKUP(B14,'Format-Blr'!$B$7:$B$44,'Format-Blr'!CM$7:CM$44) -> 0 | BH14: =_xlfn.XLOOKUP(B14,'Format-Blr'!$B$7:$B$44,'Format-Blr'!CO$7:CO$44) -> 0 | BI14: =_xlfn.XLOOKUP(B14,'Format-Blr'!$B$7:$B$44,'Format-Blr'!CP$7:CP$44) -> 0 | BJ14: =SUM(BB14,BD14,BF14,BH14) -> 0 | BK14: =SUM(BC14,BE14,BG14,BI14) -> 0 | BL14: =BK14/BJ14*100 -> #DIV/0! | BN14: =SUM(Y14,AV14,AY14,BJ14) -> 192 | BO14: =SUM(Z14,AW14,AZ14,BK14) -> 107 | BP14: =BO14/BN14*100 -> 55.729167
A15: BANGALORE | B15: RAJAJI NAGAR | C15: DAY | D15: COED | E15: =_xlfn.XLOOKUP(B15,'Format-Blr'!$B$7:$B$44,'Format-Blr'!I$7:I$44) -> 0 | F15: =_xlfn.XLOOKUP(B15,'Format-Blr'!$B$7:$B$44,'Format-Blr'!J$7:J$44) -> 0 | G15: =_xlfn.XLOOKUP(B15,'Format-Blr'!$B$7:$B$44,'Format-Blr'!P$7:P$44) -> 0 | H15: =_xlfn.XLOOKUP(B15,'Format-Blr'!$B$7:$B$44,'Format-Blr'!Q$7:Q$44) -> 0 | I15: =_xlfn.XLOOKUP(B15,'Format-Blr'!$B$7:$B$44,'Format-Blr'!W$7:W$44) -> 46 | J15: =_xlfn.XLOOKUP(B15,'Format-Blr'!$B$7:$B$44,'Format-Blr'!X$7:X$44) -> 43 | K15: =_xlfn.XLOOKUP(B15,'Format-Blr'!$B$7:$B$44,'Format-Blr'!AD$7:AD$44) -> 0 | L15: =_xlfn.XLOOKUP(B15,'Format-Blr'!$B$7:$B$44,'Format-Blr'!AE$7:AE$44) -> 0 | M15: =_xlfn.XLOOKUP(B15,'Format-Blr'!$B$7:$B$44,'Format-Blr'!AK$7:AK$44) -> 35 | N15: =_xlfn.XLOOKUP(B15,'Format-Blr'!$B$7:$B$44,'Format-Blr'!AL$7:AL$44) -> 32 | O15: =_xlfn.XLOOKUP(B15,'Format-Blr'!$B$7:$B$44,'Format-Blr'!AR$7:AR$44) -> 261 | P15: =_xlfn.XLOOKUP(B15,'Format-Blr'!$B$7:$B$44,'Format-Blr'!AS$7:AS$44) -> 243 | Q15: =_xlfn.XLOOKUP(B15,'Format-Blr'!$B$7:$B$44,'Format-Blr'!AY$7:AY$44) -> 53 | R15: =_xlfn.XLOOKUP(B15,'Format-Blr'!$B$7:$B$44,'Format-Blr'!AZ$7:AZ$44) -> 51 | S15: =_xlfn.XLOOKUP(B15,'Format-Blr'!$B$7:$B$44,'Format-Blr'!BF$7:BF$44) -> 58 | T15: =_xlfn.XLOOKUP(B15,'Format-Blr'!$B$7:$B$44,'Format-Blr'!BG$7:BG$44) -> 56 | U15: =_xlfn.XLOOKUP(B15,'Format-Blr'!$B$7:$B$44,'Format-Blr'!BM$7:BM$44) -> 0 | V15: =_xlfn.XLOOKUP(B15,'Format-Blr'!$B$7:$B$44,'Format-Blr'!BN$7:BN$44) -> 0 | W15: =_xlfn.XLOOKUP(B15,'Format-Blr'!$B$7:$B$44,'Format-Blr'!BT$7:BT$44) -> 61 | X15: =_xlfn.XLOOKUP(B15,'Format-Blr'!$B$7:$B$44,'Format-Blr'!BU$7:BU$44) -> 56 | Y15: =SUM(E15,G15,I15,K15,M15,O15,Q15,S15,U15,W15) -> 514 | Z15: =SUM(F15,H15,J15,L15,N15,P15,R15,T15,V15,X15) -> 481 | AA15: =Z15/Y15*100 -> 93.579767 | AB15: =_xlfn.XLOOKUP(B15,'Format-Blr'!$B$51:$B$88,'Format-Blr'!I$51:I$88) -> 0 | AC15: =_xlfn.XLOOKUP(B15,'Format-Blr'!$B$51:$B$88,'Format-Blr'!J$51:J$88) -> 0 | AD15: =_xlfn.XLOOKUP(B15,'Format-Blr'!$B$51:$B$88,'Format-Blr'!P$51:P$88) -> 0 | AE15: =_xlfn.XLOOKUP(B15,'Format-Blr'!$B$51:$B$88,'Format-Blr'!Q$51:Q$88) -> 0 | AF15: =_xlfn.XLOOKUP(B15,'Format-Blr'!$B$51:$B$88,'Format-Blr'!W$51:W$88) -> 40 | AG15: =_xlfn.XLOOKUP(B15,'Format-Blr'!$B$51:$B$88,'Format-Blr'!X$51:X$88) -> 19 | AH15: =_xlfn.XLOOKUP(B15,'Format-Blr'!$B$51:$B$88,'Format-Blr'!AD$51:AD$88) -> 0 | AI15: =_xlfn.XLOOKUP(B15,'Format-Blr'!$B$51:$B$88,'Format-Blr'!AE$51:AE$88) -> 0 | AJ15: =_xlfn.XLOOKUP(B15,'Format-Blr'!$B$51:$B$88,'Format-Blr'!AK$51:AK$88) -> 40 | AK15: =_xlfn.XLOOKUP(B15,'Format-Blr'!$B$51:$B$88,'Format-Blr'!AL$51:AL$88) -> 28 | AL15: =_xlfn.XLOOKUP(B15,'Format-Blr'!$B$51:$B$88,'Format-Blr'!AR$51:AR$88) -> 229 | AM15: =_xlfn.XLOOKUP(B15,'Format-Blr'!$B$51:$B$88,'Format-Blr'!AS$51:AS$88) -> 119 | AN15: =_xlfn.XLOOKUP(B15,'Format-Blr'!$B$51:$B$88,'Format-Blr'!AY$51:AY$88) -> 60 | AO15: =_xlfn.XLOOKUP(B15,'Format-Blr'!$B$51:$B$88,'Format-Blr'!AZ$51:AZ$88) -> 37 | AP15: =_xlfn.XLOOKUP(B15,'Format-Blr'!$B$51:$B$88,'Format-Blr'!BF$51:BF$88) -> 63 | AQ15: =_xlfn.XLOOKUP(B15,'Format-Blr'!$B$51:$B$88,'Format-Blr'!BG$51:BG$88) -> 34 | AR15: =_xlfn.XLOOKUP(B15,'Format-Blr'!$B$51:$B$88,'Format-Blr'!BM$51:BM$88) -> 0 | AS15: =_xlfn.XLOOKUP(B15,'Format-Blr'!$B$51:$B$88,'Format-Blr'!BN$51:BN$88) -> 0 | AT15: =_xlfn.XLOOKUP(B15,'Format-Blr'!$B$51:$B$88,'Format-Blr'!BT$51:BT$88) -> 54 | AU15: =_xlfn.XLOOKUP(B15,'Format-Blr'!$B$51:$B$88,'Format-Blr'!BU$51:BU$88) -> 38 | AV15: =SUM(AB15,AD15,AF15,AH15,AJ15,AL15,AN15,AP15,AR15,AT15) -> 486 | AW15: =SUM(AC15,AE15,AG15,AI15,AK15,AM15,AO15,AQ15,AS15,AU15) -> 275 | AX15: =AW15/AV15*100 -> 56.584362 | AY15: =_xlfn.XLOOKUP(B15,'Format-Blr'!B$51:B$88,'Format-Blr'!CF$51:CF$88) -> 0 | AZ15: =_xlfn.XLOOKUP(B15,'Format-Blr'!B$51:B$88,'Format-Blr'!CG$51:CG$88) -> 0 | BA15: =AZ15/AY15*100 -> #DIV/0! | BB15: =_xlfn.XLOOKUP(B15,'Format-Blr'!$B$7:$B$44,'Format-Blr'!CF$7:CF$44) -> 0 | BC15: =_xlfn.XLOOKUP(B15,'Format-Blr'!$B$7:$B$44,'Format-Blr'!CG$7:CG$44) -> 0 | BD15: =_xlfn.XLOOKUP(B15,'Format-Blr'!$B$7:$B$44,'Format-Blr'!CI$7:CI$44) -> 0 | BE15: =_xlfn.XLOOKUP(B15,'Format-Blr'!$B$7:$B$44,'Format-Blr'!CJ$7:CJ$44) -> 0 | BF15: =_xlfn.XLOOKUP(B15,'Format-Blr'!$B$7:$B$44,'Format-Blr'!CL$7:CL$44) -> 0 | BG15: =_xlfn.XLOOKUP(B15,'Format-Blr'!$B$7:$B$44,'Format-Blr'!CM$7:CM$44) -> 0 | BH15: =_xlfn.XLOOKUP(B15,'Format-Blr'!$B$7:$B$44,'Format-Blr'!CO$7:CO$44) -> 0 | BI15: =_xlfn.XLOOKUP(B15,'Format-Blr'!$B$7:$B$44,'Format-Blr'!CP$7:CP$44) -> 0 | BJ15: =SUM(BB15,BD15,BF15,BH15) -> 0 | BK15: =SUM(BC15,BE15,BG15,BI15) -> 0 | BL15: =BK15/BJ15*100 -> #DIV/0! | BN15: =SUM(Y15,AV15,AY15,BJ15) -> 1000 | BO15: =SUM(Z15,AW15,AZ15,BK15) -> 756 | BP15: =BO15/BN15*100 -> 75.6
A16: BANGALORE | B16: SESHADRIPURAM | C16: DAY | D16: COED | E16: =_xlfn.XLOOKUP(B16,'Format-Blr'!$B$7:$B$44,'Format-Blr'!I$7:I$44) -> 0 | F16: =_xlfn.XLOOKUP(B16,'Format-Blr'!$B$7:$B$44,'Format-Blr'!J$7:J$44) -> 0 | G16: =_xlfn.XLOOKUP(B16,'Format-Blr'!$B$7:$B$44,'Format-Blr'!P$7:P$44) -> 0 | H16: =_xlfn.XLOOKUP(B16,'Format-Blr'!$B$7:$B$44,'Format-Blr'!Q$7:Q$44) -> 0 | I16: =_xlfn.XLOOKUP(B16,'Format-Blr'!$B$7:$B$44,'Format-Blr'!W$7:W$44) -> 61 | J16: =_xlfn.XLOOKUP(B16,'Format-Blr'!$B$7:$B$44,'Format-Blr'!X$7:X$44) -> 49 | K16: =_xlfn.XLOOKUP(B16,'Format-Blr'!$B$7:$B$44,'Format-Blr'!AD$7:AD$44) -> 0 | L16: =_xlfn.XLOOKUP(B16,'Format-Blr'!$B$7:$B$44,'Format-Blr'!AE$7:AE$44) -> 0 | M16: =_xlfn.XLOOKUP(B16,'Format-Blr'!$B$7:$B$44,'Format-Blr'!AK$7:AK$44) -> 53 | N16: =_xlfn.XLOOKUP(B16,'Format-Blr'!$B$7:$B$44,'Format-Blr'!AL$7:AL$44) -> 50 | O16: =_xlfn.XLOOKUP(B16,'Format-Blr'!$B$7:$B$44,'Format-Blr'!AR$7:AR$44) -> 58 | P16: =_xlfn.XLOOKUP(B16,'Format-Blr'!$B$7:$B$44,'Format-Blr'!AS$7:AS$44) -> 54 | Q16: =_xlfn.XLOOKUP(B16,'Format-Blr'!$B$7:$B$44,'Format-Blr'!AY$7:AY$44) -> 54 | R16: =_xlfn.XLOOKUP(B16,'Format-Blr'!$B$7:$B$44,'Format-Blr'!AZ$7:AZ$44) -> 50 | S16: =_xlfn.XLOOKUP(B16,'Format-Blr'!$B$7:$B$44,'Format-Blr'!BF$7:BF$44) -> 0 | T16: =_xlfn.XLOOKUP(B16,'Format-Blr'!$B$7:$B$44,'Format-Blr'!BG$7:BG$44) -> 0 | U16: =_xlfn.XLOOKUP(B16,'Format-Blr'!$B$7:$B$44,'Format-Blr'!BM$7:BM$44) -> 0 | V16: =_xlfn.XLOOKUP(B16,'Format-Blr'!$B$7:$B$44,'Format-Blr'!BN$7:BN$44) -> 0 | W16: =_xlfn.XLOOKUP(B16,'Format-Blr'!$B$7:$B$44,'Format-Blr'!BT$7:BT$44) -> 0 | X16: =_xlfn.XLOOKUP(B16,'Format-Blr'!$B$7:$B$44,'Format-Blr'!BU$7:BU$44) -> 0 | Y16: =SUM(E16,G16,I16,K16,M16,O16,Q16,S16,U16,W16) -> 226 | Z16: =SUM(F16,H16,J16,L16,N16,P16,R16,T16,V16,X16) -> 203 | AA16: =Z16/Y16*100 -> 89.823009 | AB16: =_xlfn.XLOOKUP(B16,'Format-Blr'!$B$51:$B$88,'Format-Blr'!I$51:I$88) -> 0 | AC16: =_xlfn.XLOOKUP(B16,'Format-Blr'!$B$51:$B$88,'Format-Blr'!J$51:J$88) -> 0 | AD16: =_xlfn.XLOOKUP(B16,'Format-Blr'!$B$51:$B$88,'Format-Blr'!P$51:P$88) -> 0 | AE16: =_xlfn.XLOOKUP(B16,'Format-Blr'!$B$51:$B$88,'Format-Blr'!Q$51:Q$88) -> 0 | AF16: =_xlfn.XLOOKUP(B16,'Format-Blr'!$B$51:$B$88,'Format-Blr'!W$51:W$88) -> 41 | AG16: =_xlfn.XLOOKUP(B16,'Format-Blr'!$B$51:$B$88,'Format-Blr'!X$51:X$88) -> 5 | AH16: =_xlfn.XLOOKUP(B16,'Format-Blr'!$B$51:$B$88,'Format-Blr'!AD$51:AD$88) -> 0 | AI16: =_xlfn.XLOOKUP(B16,'Format-Blr'!$B$51:$B$88,'Format-Blr'!AE$51:AE$88) -> 0 | AJ16: =_xlfn.XLOOKUP(B16,'Format-Blr'!$B$51:$B$88,'Format-Blr'!AK$51:AK$88) -> 57 | AK16: =_xlfn.XLOOKUP(B16,'Format-Blr'!$B$51:$B$88,'Format-Blr'!AL$51:AL$88) -> 16 | AL16: =_xlfn.XLOOKUP(B16,'Format-Blr'!$B$51:$B$88,'Format-Blr'!AR$51:AR$88) -> 62 | AM16: =_xlfn.XLOOKUP(B16,'Format-Blr'!$B$51:$B$88,'Format-Blr'!AS$51:AS$88) -> 19 | AN16: =_xlfn.XLOOKUP(B16,'Format-Blr'!$B$51:$B$88,'Format-Blr'!AY$51:AY$88) -> 26 | AO16: =_xlfn.XLOOKUP(B16,'Format-Blr'!$B$51:$B$88,'Format-Blr'!AZ$51:AZ$88) -> 14 | AP16: =_xlfn.XLOOKUP(B16,'Format-Blr'!$B$51:$B$88,'Format-Blr'!BF$51:BF$88) -> 0 | AQ16: =_xlfn.XLOOKUP(B16,'Format-Blr'!$B$51:$B$88,'Format-Blr'!BG$51:BG$88) -> 0 | AR16: =_xlfn.XLOOKUP(B16,'Format-Blr'!$B$51:$B$88,'Format-Blr'!BM$51:BM$88) -> 0 | AS16: =_xlfn.XLOOKUP(B16,'Format-Blr'!$B$51:$B$88,'Format-Blr'!BN$51:BN$88) -> 0 | AT16: =_xlfn.XLOOKUP(B16,'Format-Blr'!$B$51:$B$88,'Format-Blr'!BT$51:BT$88) -> 49 | AU16: =_xlfn.XLOOKUP(B16,'Format-Blr'!$B$51:$B$88,'Format-Blr'!BU$51:BU$88) -> 14 | AV16: =SUM(AB16,AD16,AF16,AH16,AJ16,AL16,AN16,AP16,AR16,AT16) -> 235 | AW16: =SUM(AC16,AE16,AG16,AI16,AK16,AM16,AO16,AQ16,AS16,AU16) -> 68 | AX16: =AW16/AV16*100 -> 28.93617 | AY16: =_xlfn.XLOOKUP(B16,'Format-Blr'!B$51:B$88,'Format-Blr'!CF$51:CF$88) -> 0 | AZ16: =_xlfn.XLOOKUP(B16,'Format-Blr'!B$51:B$88,'Format-Blr'!CG$51:CG$88) -> 0 | BA16: =AZ16/AY16*100 -> #DIV/0! | BB16: =_xlfn.XLOOKUP(B16,'Format-Blr'!$B$7:$B$44,'Format-Blr'!CF$7:CF$44) -> 0 | BC16: =_xlfn.XLOOKUP(B16,'Format-Blr'!$B$7:$B$44,'Format-Blr'!CG$7:CG$44) -> 0 | BD16: =_xlfn.XLOOKUP(B16,'Format-Blr'!$B$7:$B$44,'Format-Blr'!CI$7:CI$44) -> 0 | BE16: =_xlfn.XLOOKUP(B16,'Format-Blr'!$B$7:$B$44,'Format-Blr'!CJ$7:CJ$44) -> 0 | BF16: =_xlfn.XLOOKUP(B16,'Format-Blr'!$B$7:$B$44,'Format-Blr'!CL$7:CL$44) -> 0 | BG16: =_xlfn.XLOOKUP(B16,'Format-Blr'!$B$7:$B$44,'Format-Blr'!CM$7:CM$44) -> 0 | BH16: =_xlfn.XLOOKUP(B16,'Format-Blr'!$B$7:$B$44,'Format-Blr'!CO$7:CO$44) -> 0 | BI16: =_xlfn.XLOOKUP(B16,'Format-Blr'!$B$7:$B$44,'Format-Blr'!CP$7:CP$44) -> 0 | BJ16: =SUM(BB16,BD16,BF16,BH16) -> 0 | BK16: =SUM(BC16,BE16,BG16,BI16) -> 0 | BL16: =BK16/BJ16*100 -> #DIV/0! | BN16: =SUM(Y16,AV16,AY16,BJ16) -> 461 | BO16: =SUM(Z16,AW16,AZ16,BK16) -> 271 | BP16: =BO16/BN16*100 -> 58.785249
A17: BANGALORE | B17: VIDYARANYAPURA | C17: DAY | D17: COED | E17: =_xlfn.XLOOKUP(B17,'Format-Blr'!$B$7:$B$44,'Format-Blr'!I$7:I$44) -> 46 | F17: =_xlfn.XLOOKUP(B17,'Format-Blr'!$B$7:$B$44,'Format-Blr'!J$7:J$44) -> 35 | G17: =_xlfn.XLOOKUP(B17,'Format-Blr'!$B$7:$B$44,'Format-Blr'!P$7:P$44) -> 0 | H17: =_xlfn.XLOOKUP(B17,'Format-Blr'!$B$7:$B$44,'Format-Blr'!Q$7:Q$44) -> 0 | I17: =_xlfn.XLOOKUP(B17,'Format-Blr'!$B$7:$B$44,'Format-Blr'!W$7:W$44) -> 67 | J17: =_xlfn.XLOOKUP(B17,'Format-Blr'!$B$7:$B$44,'Format-Blr'!X$7:X$44) -> 55 | K17: =_xlfn.XLOOKUP(B17,'Format-Blr'!$B$7:$B$44,'Format-Blr'!AD$7:AD$44) -> 0 | L17: =_xlfn.XLOOKUP(B17,'Format-Blr'!$B$7:$B$44,'Format-Blr'!AE$7:AE$44) -> 0 | M17: =_xlfn.XLOOKUP(B17,'Format-Blr'!$B$7:$B$44,'Format-Blr'!AK$7:AK$44) -> 60 | N17: =_xlfn.XLOOKUP(B17,'Format-Blr'!$B$7:$B$44,'Format-Blr'!AL$7:AL$44) -> 48 | O17: =_xlfn.XLOOKUP(B17,'Format-Blr'!$B$7:$B$44,'Format-Blr'!AR$7:AR$44) -> 101 | P17: =_xlfn.XLOOKUP(B17,'Format-Blr'!$B$7:$B$44,'Format-Blr'!AS$7:AS$44) -> 78 | Q17: =_xlfn.XLOOKUP(B17,'Format-Blr'!$B$7:$B$44,'Format-Blr'!AY$7:AY$44) -> 55 | R17: =_xlfn.XLOOKUP(B17,'Format-Blr'!$B$7:$B$44,'Format-Blr'!AZ$7:AZ$44) -> 40 | S17: =_xlfn.XLOOKUP(B17,'Format-Blr'!$B$7:$B$44,'Format-Blr'!BF$7:BF$44) -> 0 | T17: =_xlfn.XLOOKUP(B17,'Format-Blr'!$B$7:$B$44,'Format-Blr'!BG$7:BG$44) -> 0 | U17: =_xlfn.XLOOKUP(B17,'Format-Blr'!$B$7:$B$44,'Format-Blr'!BM$7:BM$44) -> 0 | V17: =_xlfn.XLOOKUP(B17,'Format-Blr'!$B$7:$B$44,'Format-Blr'!BN$7:BN$44) -> 0 | W17: =_xlfn.XLOOKUP(B17,'Format-Blr'!$B$7:$B$44,'Format-Blr'!BT$7:BT$44) -> 51 | X17: =_xlfn.XLOOKUP(B17,'Format-Blr'!$B$7:$B$44,'Format-Blr'!BU$7:BU$44) -> 43 | Y17: =SUM(E17,G17,I17,K17,M17,O17,Q17,S17,U17,W17) -> 380 | Z17: =SUM(F17,H17,J17,L17,N17,P17,R17,T17,V17,X17) -> 299 | AA17: =Z17/Y17*100 -> 78.684211 | AB17: =_xlfn.XLOOKUP(B17,'Format-Blr'!$B$51:$B$88,'Format-Blr'!I$51:I$88) -> 48 | AC17: =_xlfn.XLOOKUP(B17,'Format-Blr'!$B$51:$B$88,'Format-Blr'!J$51:J$88) -> 7 | AD17: =_xlfn.XLOOKUP(B17,'Format-Blr'!$B$51:$B$88,'Format-Blr'!P$51:P$88) -> 25 | AE17: =_xlfn.XLOOKUP(B17,'Format-Blr'!$B$51:$B$88,'Format-Blr'!Q$51:Q$88) -> 2 | AF17: =_xlfn.XLOOKUP(B17,'Format-Blr'!$B$51:$B$88,'Format-Blr'!W$51:W$88) -> 52 | AG17: =_xlfn.XLOOKUP(B17,'Format-Blr'!$B$51:$B$88,'Format-Blr'!X$51:X$88) -> 8 | AH17: =_xlfn.XLOOKUP(B17,'Format-Blr'!$B$51:$B$88,'Format-Blr'!AD$51:AD$88) -> 0 | AI17: =_xlfn.XLOOKUP(B17,'Format-Blr'!$B$51:$B$88,'Format-Blr'!AE$51:AE$88) -> 0 | AJ17: =_xlfn.XLOOKUP(B17,'Format-Blr'!$B$51:$B$88,'Format-Blr'!AK$51:AK$88) -> 67 | AK17: =_xlfn.XLOOKUP(B17,'Format-Blr'!$B$51:$B$88,'Format-Blr'!AL$51:AL$88) -> 11 | AL17: =_xlfn.XLOOKUP(B17,'Format-Blr'!$B$51:$B$88,'Format-Blr'!AR$51:AR$88) -> 62 | AM17: =_xlfn.XLOOKUP(B17,'Format-Blr'!$B$51:$B$88,'Format-Blr'!AS$51:AS$88) -> 20 | AN17: =_xlfn.XLOOKUP(B17,'Format-Blr'!$B$51:$B$88,'Format-Blr'!AY$51:AY$88) -> 45 | AO17: =_xlfn.XLOOKUP(B17,'Format-Blr'!$B$51:$B$88,'Format-Blr'!AZ$51:AZ$88) -> 13 | AP17: =_xlfn.XLOOKUP(B17,'Format-Blr'!$B$51:$B$88,'Format-Blr'!BF$51:BF$88) -> 0 | AQ17: =_xlfn.XLOOKUP(B17,'Format-Blr'!$B$51:$B$88,'Format-Blr'!BG$51:BG$88) -> 0 | AR17: =_xlfn.XLOOKUP(B17,'Format-Blr'!$B$51:$B$88,'Format-Blr'!BM$51:BM$88) -> 0 | AS17: =_xlfn.XLOOKUP(B17,'Format-Blr'!$B$51:$B$88,'Format-Blr'!BN$51:BN$88) -> 0 | AT17: =_xlfn.XLOOKUP(B17,'Format-Blr'!$B$51:$B$88,'Format-Blr'!BT$51:BT$88) -> 66 | AU17: =_xlfn.XLOOKUP(B17,'Format-Blr'!$B$51:$B$88,'Format-Blr'!BU$51:BU$88) -> 8 | AV17: =SUM(AB17,AD17,AF17,AH17,AJ17,AL17,AN17,AP17,AR17,AT17) -> 365 | AW17: =SUM(AC17,AE17,AG17,AI17,AK17,AM17,AO17,AQ17,AS17,AU17) -> 69 | AX17: =AW17/AV17*100 -> 18.90411 | AY17: =_xlfn.XLOOKUP(B17,'Format-Blr'!B$51:B$88,'Format-Blr'!CF$51:CF$88) -> 0 | AZ17: =_xlfn.XLOOKUP(B17,'Format-Blr'!B$51:B$88,'Format-Blr'!CG$51:CG$88) -> 0 | BA17: =AZ17/AY17*100 -> #DIV/0! | BB17: =_xlfn.XLOOKUP(B17,'Format-Blr'!$B$7:$B$44,'Format-Blr'!CF$7:CF$44) -> 32 | BC17: =_xlfn.XLOOKUP(B17,'Format-Blr'!$B$7:$B$44,'Format-Blr'!CG$7:CG$44) -> 17 | BD17: =_xlfn.XLOOKUP(B17,'Format-Blr'!$B$7:$B$44,'Format-Blr'!CI$7:CI$44) -> 40 | BE17: =_xlfn.XLOOKUP(B17,'Format-Blr'!$B$7:$B$44,'Format-Blr'!CJ$7:CJ$44) -> 19 | BF17: =_xlfn.XLOOKUP(B17,'Format-Blr'!$B$7:$B$44,'Format-Blr'!CL$7:CL$44) -> 50 | BG17: =_xlfn.XLOOKUP(B17,'Format-Blr'!$B$7:$B$44,'Format-Blr'!CM$7:CM$44) -> 43 | BH17: =_xlfn.XLOOKUP(B17,'Format-Blr'!$B$7:$B$44,'Format-Blr'!CO$7:CO$44) -> 30 | BI17: =_xlfn.XLOOKUP(B17,'Format-Blr'!$B$7:$B$44,'Format-Blr'!CP$7:CP$44) -> 30 | BJ17: =SUM(BB17,BD17,BF17,BH17) -> 152 | BK17: =SUM(BC17,BE17,BG17,BI17) -> 109 | BL17: =BK17/BJ17*100 -> 71.710526 | BN17: =SUM(Y17,AV17,AY17,BJ17) -> 897 | BO17: =SUM(Z17,AW17,AZ17,BK17) -> 477 | BP17: =BO17/BN17*100 -> 53.177258
... A43: SHIVAMOGGA | B43: SHIVAMOGGA | C43: DAY | D43: COED | E43: =_xlfn.XLOOKUP(B43,'Format-Blr'!$B$7:$B$44,'Format-Blr'!I$7:I$44) -> 0 | F43: =_xlfn.XLOOKUP(B43,'Format-Blr'!$B$7:$B$44,'Format-Blr'!J$7:J$44) -> 0 | G43: =_xlfn.XLOOKUP(B43,'Format-Blr'!$B$7:$B$44,'Format-Blr'!P$7:P$44) -> 0 | H43: =_xlfn.XLOOKUP(B43,'Format-Blr'!$B$7:$B$44,'Format-Blr'!Q$7:Q$44) -> 0 | I43: =_xlfn.XLOOKUP(B43,'Format-Blr'!$B$7:$B$44,'Format-Blr'!W$7:W$44) -> 0 | J43: =_xlfn.XLOOKUP(B43,'Format-Blr'!$B$7:$B$44,'Format-Blr'!X$7:X$44) -> 0 | K43: =_xlfn.XLOOKUP(B43,'Format-Blr'!$B$7:$B$44,'Format-Blr'!AD$7:AD$44) -> 0 | L43: =_xlfn.XLOOKUP(B43,'Format-Blr'!$B$7:$B$44,'Format-Blr'!AE$7:AE$44) -> 0 | M43: =_xlfn.XLOOKUP(B43,'Format-Blr'!$B$7:$B$44,'Format-Blr'!AK$7:AK$44) -> 10 | N43: =_xlfn.XLOOKUP(B43,'Format-Blr'!$B$7:$B$44,'Format-Blr'!AL$7:AL$44) -> 10 | O43: =_xlfn.XLOOKUP(B43,'Format-Blr'!$B$7:$B$44,'Format-Blr'!AR$7:AR$44) -> 12 | P43: =_xlfn.XLOOKUP(B43,'Format-Blr'!$B$7:$B$44,'Format-Blr'!AS$7:AS$44) -> 8 | Q43: =_xlfn.XLOOKUP(B43,'Format-Blr'!$B$7:$B$44,'Format-Blr'!AY$7:AY$44) -> 0 | R43: =_xlfn.XLOOKUP(B43,'Format-Blr'!$B$7:$B$44,'Format-Blr'!AZ$7:AZ$44) -> 0 | S43: =_xlfn.XLOOKUP(B43,'Format-Blr'!$B$7:$B$44,'Format-Blr'!BF$7:BF$44) -> 0 | T43: =_xlfn.XLOOKUP(B43,'Format-Blr'!$B$7:$B$44,'Format-Blr'!BG$7:BG$44) -> 0 | U43: =_xlfn.XLOOKUP(B43,'Format-Blr'!$B$7:$B$44,'Format-Blr'!BM$7:BM$44) -> 27 | V43: =_xlfn.XLOOKUP(B43,'Format-Blr'!$B$7:$B$44,'Format-Blr'!BN$7:BN$44) -> 21 | W43: =_xlfn.XLOOKUP(B43,'Format-Blr'!$B$7:$B$44,'Format-Blr'!BT$7:BT$44) -> 14 | X43: =_xlfn.XLOOKUP(B43,'Format-Blr'!$B$7:$B$44,'Format-Blr'!BU$7:BU$44) -> 11 | Y43: =SUM(E43,G43,I43,K43,M43,O43,Q43,S43,U43,W43) -> 63 | Z43: =SUM(F43,H43,J43,L43,N43,P43,R43,T43,V43,X43) -> 50 | AA43: =Z43/Y43*100 -> 79.365079 | AB43: =_xlfn.XLOOKUP(B43,'Format-Blr'!$B$51:$B$88,'Format-Blr'!I$51:I$88) -> 0 | AC43: =_xlfn.XLOOKUP(B43,'Format-Blr'!$B$51:$B$88,'Format-Blr'!J$51:J$88) -> 0 | AD43: =_xlfn.XLOOKUP(B43,'Format-Blr'!$B$51:$B$88,'Format-Blr'!P$51:P$88) -> 0 | AE43: =_xlfn.XLOOKUP(B43,'Format-Blr'!$B$51:$B$88,'Format-Blr'!Q$51:Q$88) -> 0 | AF43: =_xlfn.XLOOKUP(B43,'Format-Blr'!$B$51:$B$88,'Format-Blr'!W$51:W$88) -> 0 | AG43: =_xlfn.XLOOKUP(B43,'Format-Blr'!$B$51:$B$88,'Format-Blr'!X$51:X$88) -> 0 | AH43: =_xlfn.XLOOKUP(B43,'Format-Blr'!$B$51:$B$88,'Format-Blr'!AD$51:AD$88) -> 0 | AI43: =_xlfn.XLOOKUP(B43,'Format-Blr'!$B$51:$B$88,'Format-Blr'!AE$51:AE$88) -> 0 | AJ43: =_xlfn.XLOOKUP(B43,'Format-Blr'!$B$51:$B$88,'Format-Blr'!AK$51:AK$88) -> 0 | AK43: =_xlfn.XLOOKUP(B43,'Format-Blr'!$B$51:$B$88,'Format-Blr'!AL$51:AL$88) -> 0 | AL43: =_xlfn.XLOOKUP(B43,'Format-Blr'!$B$51:$B$88,'Format-Blr'!AR$51:AR$88) -> 0 | AM43: =_xlfn.XLOOKUP(B43,'Format-Blr'!$B$51:$B$88,'Format-Blr'!AS$51:AS$88) -> 0 | AN43: =_xlfn.XLOOKUP(B43,'Format-Blr'!$B$51:$B$88,'Format-Blr'!AY$51:AY$88) -> 0 | AO43: =_xlfn.XLOOKUP(B43,'Format-Blr'!$B$51:$B$88,'Format-Blr'!AZ$51:AZ$88) -> 0 | AP43: =_xlfn.XLOOKUP(B43,'Format-Blr'!$B$51:$B$88,'Format-Blr'!BF$51:BF$88) -> 0 | AQ43: =_xlfn.XLOOKUP(B43,'Format-Blr'!$B$51:$B$88,'Format-Blr'!BG$51:BG$88) -> 0 | AR43: =_xlfn.XLOOKUP(B43,'Format-Blr'!$B$51:$B$88,'Format-Blr'!BM$51:BM$88) -> 0 | AS43: =_xlfn.XLOOKUP(B43,'Format-Blr'!$B$51:$B$88,'Format-Blr'!BN$51:BN$88) -> 0 | AT43: =_xlfn.XLOOKUP(B43,'Format-Blr'!$B$51:$B$88,'Format-Blr'!BT$51:BT$88) -> 0 | AU43: =_xlfn.XLOOKUP(B43,'Format-Blr'!$B$51:$B$88,'Format-Blr'!BU$51:BU$88) -> 0 | AV43: =SUM(AB43,AD43,AF43,AH43,AJ43,AL43,AN43,AP43,AR43,AT43) -> 0 | AW43: =SUM(AC43,AE43,AG43,AI43,AK43,AM43,AO43,AQ43,AS43,AU43) -> 0 | AX43: =AW43/AV43*100 -> #DIV/0! | AY43: =_xlfn.XLOOKUP(B43,'Format-Blr'!B$51:B$88,'Format-Blr'!CF$51:CF$88) -> 0 | AZ43: =_xlfn.XLOOKUP(B43,'Format-Blr'!B$51:B$88,'Format-Blr'!CG$51:CG$88) -> 0 | BA43: =AZ43/AY43*100 -> #DIV/0! | BB43: =_xlfn.XLOOKUP(B43,'Format-Blr'!$B$7:$B$44,'Format-Blr'!CF$7:CF$44) -> 0 | BC43: =_xlfn.XLOOKUP(B43,'Format-Blr'!$B$7:$B$44,'Format-Blr'!CG$7:CG$44) -> 0 | BD43: =_xlfn.XLOOKUP(B43,'Format-Blr'!$B$7:$B$44,'Format-Blr'!CI$7:CI$44) -> 0 | BE43: =_xlfn.XLOOKUP(B43,'Format-Blr'!$B$7:$B$44,'Format-Blr'!CJ$7:CJ$44) -> 0 | BF43: =_xlfn.XLOOKUP(B43,'Format-Blr'!$B$7:$B$44,'Format-Blr'!CL$7:CL$44) -> 0 | BG43: =_xlfn.XLOOKUP(B43,'Format-Blr'!$B$7:$B$44,'Format-Blr'!CM$7:CM$44) -> 0 | BH43: =_xlfn.XLOOKUP(B43,'Format-Blr'!$B$7:$B$44,'Format-Blr'!CO$7:CO$44) -> 0 | BI43: =_xlfn.XLOOKUP(B43,'Format-Blr'!$B$7:$B$44,'Format-Blr'!CP$7:CP$44) -> 0 | BJ43: =SUM(BB43,BD43,BF43,BH43) -> 0 | BK43: =SUM(BC43,BE43,BG43,BI43) -> 0 | BL43: =BK43/BJ43*100 -> #DIV/0! | BN43: =SUM(Y43,AV43,AY43,BJ43) -> 63 | BO43: =SUM(Z43,AW43,AZ43,BK43) -> 50 | BP43: =BO43/BN43*100 -> 79.365079
A44: KARNATAKA TOT | E44: =SUM(E6:E43) -> 254 | F44: =SUM(F6:F43) -> 227 | G44: =SUM(G6:G43) -> 632 | H44: =SUM(H6:H43) -> 581 | I44: =SUM(I6:I43) -> 1148 | J44: =SUM(J6:J43) -> 1009 | K44: =SUM(K6:K43) -> 0 | L44: =SUM(L6:L43) -> 0 | ... Z44: =SUM(Z6:Z43) -> 7672 | AA44: =Z44/Y44*100 -> 87.961477 | AB44: =SUM(AB6:AB43) -> 282 | AC44: =SUM(AC6:AC43) -> 84 | AD44: =SUM(AD6:AD43) -> 559 | AE44: =SUM(AE6:AE43) -> 154 | AF44: =SUM(AF6:AF43) -> 869 | AG44: =SUM(AG6:AG43) -> 193 | AH44: =SUM(AH6:AH43) -> 54 | AI44: =SUM(AI6:AI43) -> 19 | ... AW44: =SUM(AW6:AW43) -> 2652 | AX44: =AW44/AV44*100 -> 33.137573 | AY44: =SUM(AY6:AY43) -> 128 | AZ44: =SUM(AZ6:AZ43) -> 113 | BA44: =AZ44/AY44*100 -> 88.28125 | BB44: =SUM(BB6:BB43) -> 161 | BC44: =SUM(BC6:BC43) -> 82 | BD44: =SUM(BD6:BD43) -> 209 | BE44: =SUM(BE6:BE43) -> 101 | BF44: =SUM(BF6:BF43) -> 233 | BG44: =SUM(BG6:BG43) -> 166 | BH44: =SUM(BH6:BH43) -> 170 | BI44: =SUM(BI6:BI43) -> 137 | ... BK44: =SUM(BK6:BK43) -> 486 | BL44: =BK44/BJ44*100 -> 62.871928 | BN44: =SUM(BN6:BN43) -> 17626 | BO44: =SUM(BO6:BO43) -> 10923 | BP44: =BO44/BN44*100 -> 61.970952

Sheet Format-Blr
A1: SRI CHAITANYA EDUCATIONAL INSTITUTIONS
A2: STREAM-WISE_DAILY_ATTENDANCE_REPORT | U2: Date:18-04-2026
A3: S.NO | B3: NAME OF THE CAMPUS | C3: RESI. /DAY | D3: BOYS /GIRLS / COED | E3: INCOMING SENIORS (CBSE & PU) | BW3: INCOMING SENIOR CBSE TOTAL | BZ3: INCOMING SENIOR PU TOTAL | CC3: INCOMING TOTAL SENIORS | CF3: CO-IPL
E4: Inc Sr.Super60(Nuc) | I4: Inc Sr.Super60(Nuc) (CBSE & PU) | L4: Inc Sr.Super60(Ster) | P4: Inc Sr.Super60(Ster) (CBSE & PU) | S4: Inc Sr.Elite (C-120) | W4: Inc Sr.Elite (C-120) (CBSE & PU) | Z4: Inc Sr.Super60(Star) | AD4: Inc Sr.Super60(Star) (CBSE & PU) | AG4: Inc Sr.C-120(Star) | AK4: Inc Sr.C-120(Star) (CBSE & PU) | AN4: Inc Sr.JEE Apex | AR4: Inc Sr.JEE Apex (CBSE & PU) | AU4: Inc Sr.Elite | AY4: Inc Sr.Elite (CBSE & PU) | BB4: Inc Sr.AIIMS S60 | BF4: Inc Sr.AIIMS S60 (CBSE & PU) | BI4: Inc Sr.NEET Wisdom | BM4: Inc Sr.NEET Wisdom (CBSE & PU) | BP4: Inc Sr.ELITE & AIIMS S60 (Star) | BT4: Inc Sr.ELITE & AIIMS S60 (Star) (CBSE & PU) | CF4: 7TH CLASS | CI4: 8TH CLASS | CL4: 9TH CLASS | CO4: 10TH CLASS
E5: CBSE | G5: PU | L5: CBSE | N5: PU | S5: CBSE | U5: PU | Z5: CBSE | AB5: PU | AG5: CBSE | AI5: PU | AN5: CBSE | AP5: PU | AU5: CBSE | AW5: PU | BB5: CBSE | BD5: PU | BI5: CBSE | BK5: PU | BP5: CBSE | BR5: PU | BW5: TOT | BX5: PRE | BY5: % | BZ5: TOT | CA5: PRE | CB5: % | CC5: TOT | CD5: PRE | CE5: % | CF5: TOT | CG5: PRE | CH5: % | CI5: TOT | CJ5: PRE | CK5: % | CL5: TOT | CM5: PRE | CN5: % | CO5: TOT | CP5: PRE | CQ5: %
E6: TOT | F6: PRE | G6: TOT | H6: PRE | I6: TOT | J6: PRE | K6: % | L6: TOT | M6: PRE | N6: TOT | O6: PRE | P6: TOT | Q6: PRE | R6: % | S6: TOT | T6: PRE | U6: TOT | V6: PRE | W6: TOT | X6: PRE | Y6: % | Z6: TOT | AA6: PRE | AB6: TOT | AC6: PRE | AD6: TOT | AE6: PRE | AF6: % | AG6: TOT | AH6: PRE | AI6: TOT | AJ6: PRE | AK6: TOT | AL6: PRE | AM6: % | AN6: TOT | AO6: PRE | AP6: TOT | AQ6: PRE | AR6: TOT | AS6: PRE | AT6: % | AU6: TOT | AV6: PRE | AW6: TOT | AX6: PRE | AY6: TOT | AZ6: PRE | BA6: % | BB6: TOT | BC6: PRE | BD6: TOT | BE6: PRE | BF6: TOT | BG6: PRE | BH6: % | BI6: TOT | BJ6: PRE | BK6: TOT | BL6: PRE | BM6: TOT | BN6: PRE | BO6: % | BP6: TOT | BQ6: PRE | BR6: TOT | BS6: PRE | BT6: TOT | BU6: PRE | BV6: %
A7: 1 | B7: BANASWADI | C7: DAY | D7: COED | E7: 0 | F7: 0 | G7: 0 | H7: 0 | I7: =SUM(E7,G7) -> 0 | J7: =SUM(F7,H7) -> 0 | K7: =IFERROR(J7/I7,"-") -> - | L7: 0 | M7: 0 | N7: 0 | O7: 0 | P7: =SUM(L7,N7) -> 0 | Q7: =SUM(M7,O7) -> 0 | R7: =IFERROR(Q7/P7,"-") -> - | S7: 0 | T7: 0 | U7: 0 | V7: 0 | W7: =SUM(S7,U7) -> 0 | X7: =SUM(T7,V7) -> 0 | Y7: =IFERROR(X7/W7,"-") -> - | Z7: 0 | AA7: 0 | AB7: 0 | AC7: 0 | AD7: =SUM(Z7,AB7) -> 0 | AE7: =SUM(AA7,AC7) -> 0 | AF7: =IFERROR(AE7/AD7,"-") -> - | AG7: 36 | AH7: 32 | AI7: 31 | AJ7: 28 | AK7: =SUM(AG7,AI7) -> 67 | AL7: =SUM(AH7,AJ7) -> 60 | AM7: =IFERROR(AL7/AK7,"-") -> 0.89552239 | AN7: 25 | AO7: 20 | AP7: 32 | AQ7: 28 | AR7: =SUM(AN7,AP7) -> 57 | AS7: =SUM(AO7,AQ7) -> 48 | AT7: =IFERROR(AS7/AR7,"-") -> 0.84210526 | AU7: 0 | AV7: 0 | AW7: 0 | AX7: 0 | AY7: =SUM(AU7,AW7) -> 0 | AZ7: =SUM(AV7,AX7) -> 0 | BA7: =IFERROR(AZ7/AY7,"-") -> - | BB7: 0 | BC7: 0 | BD7: 0 | BE7: 0 | BF7: =SUM(BB7,BD7) -> 0 | BG7: =SUM(BC7,BE7) -> 0 | BH7: =IFERROR(BG7/BF7,"-") -> - | BI7: 0 | BJ7: 0 | BK7: 0 | BL7: 0 | BM7: =SUM(BI7,BK7) -> 0 | BN7: =SUM(BJ7,BL7) -> 0 | BO7: =IFERROR(BN7/BM7,"-") -> - | BP7: 25 | BQ7: 21 | BR7: 23 | BS7: 21 | BT7: =SUM(BP7,BR7) -> 48 | BU7: =SUM(BQ7,BS7) -> 42 | BV7: =IFERROR(BU7/BT7,"-") -> 0.875 | BW7: =SUM(E7,S7,Z7,AG7,AN7,AU7,L7,BB7,BI7,BP7) -> 86 | BX7: =SUM(F7,T7,AA7,AH7,AO7,AV7,M7,BC7,BJ7,BQ7) -> 73 | BY7: =IFERROR(BX7/BW7,"-") -> 0.84883721 | BZ7: =SUM(G7,U7,AB7,AI7,AP7,AW7,N7,BD7,BK7,BR7) -> 86 | CA7: =SUM(H7,V7,AC7,AJ7,AQ7,AX7,O7,BE7,BL7,BS7) -> 77 | CB7: =IFERROR(CA7/BZ7,"-") -> 0.89534884 | CC7: =SUM(BW7,BZ7) -> 172 | CD7: =SUM(BX7,CA7) -> 150 | CE7: =IFERROR(CD7/CC7,"-") -> 0.87209302 | CF7: 0 | CG7: 0 | CH7: =IFERROR(CG7/CF7,"-") -> - | CI7: 0 | CJ7: 0 | CK7: =IFERROR(CJ7/CI7,"-") -> - | CL7: 0 | CM7: 0 | CN7: =IFERROR(CM7/CL7,"-") -> - | CO7: 0 | CP7: 0 | CQ7: =IFERROR(CP7/CO7,"-") -> -
A8: 2 | B8: HORAMAVU | C8: DAY | D8: COED | E8: 4 | F8: 4 | G8: 0 | H8: 0 | I8: =SUM(E8,G8) -> 4 | J8: =SUM(F8,H8) -> 4 | K8: =IFERROR(J8/I8,"-") -> 1 | L8: 38 | M8: 36 | N8: 0 | O8: 0 | P8: =SUM(L8,N8) -> 38 | Q8: =SUM(M8,O8) -> 36 | R8: =IFERROR(Q8/P8,"-") -> 0.94736842 | S8: 56 | T8: 50 | U8: 59 | V8: 45 | W8: =SUM(S8,U8) -> 115 | X8: =SUM(T8,V8) -> 95 | Y8: =IFERROR(X8/W8,"-") -> 0.82608696 | Z8: 0 | AA8: 0 | AB8: 0 | AC8: 0 | AD8: =SUM(Z8,AB8) -> 0 | AE8: =SUM(AA8,AC8) -> 0 | AF8: =IFERROR(AE8/AD8,"-") -> - | AG8: 52 | AH8: 45 | AI8: 0 | AJ8: 0 | AK8: =SUM(AG8,AI8) -> 52 | AL8: =SUM(AH8,AJ8) -> 45 | AM8: =IFERROR(AL8/AK8,"-") -> 0.86538462 | AN8: 28 | AO8: 24 | AP8: 64 | AQ8: 60 | AR8: =SUM(AN8,AP8) -> 92 | AS8: =SUM(AO8,AQ8) -> 84 | AT8: =IFERROR(AS8/AR8,"-") -> 0.91304348 | AU8: 52 | AV8: 45 | AW8: 0 | AX8: 0 | AY8: =SUM(AU8,AW8) -> 52 | AZ8: =SUM(AV8,AX8) -> 45 | BA8: =IFERROR(AZ8/AY8,"-") -> 0.86538462 | BB8: 0 | BC8: 0 | BD8: 0 | BE8: 0 | BF8: =SUM(BB8,BD8) -> 0 | BG8: =SUM(BC8,BE8) -> 0 | BH8: =IFERROR(BG8/BF8,"-") -> - | BI8: 0 | BJ8: 0 | BK8: 0 | BL8: 0 | BM8: =SUM(BI8,BK8) -> 0 | BN8: =SUM(BJ8,BL8) -> 0 | BO8: =IFERROR(BN8/BM8,"-") -> - | BP8: 48 | BQ8: 42 | BR8: 0 | BS8: 0 | BT8: =SUM(BP8,BR8) -> 48 | BU8: =SUM(BQ8,BS8) -> 42 | BV8: =IFERROR(BU8/BT8,"-") -> 0.875 | BW8: =SUM(E8,S8,Z8,AG8,AN8,AU8,L8,BB8,BI8,BP8) -> 278 | BX8: =SUM(F8,T8,AA8,AH8,AO8,AV8,M8,BC8,BJ8,BQ8) -> 246 | BY8: =IFERROR(BX8/BW8,"-") -> 0.88489209 | BZ8: =SUM(G8,U8,AB8,AI8,AP8,AW8,N8,BD8,BK8,BR8) -> 123 | CA8: =SUM(H8,V8,AC8,AJ8,AQ8,AX8,O8,BE8,BL8,BS8) -> 105 | CB8: =IFERROR(CA8/BZ8,"-") -> 0.85365854 | CC8: =SUM(BW8,BZ8) -> 401 | CD8: =SUM(BX8,CA8) -> 351 | CE8: =IFERROR(CD8/CC8,"-") -> 0.87531172 | CF8: 26 | CG8: 0 | CH8: =IFERROR(CG8/CF8,"-") -> 0 | CI8: 48 | CJ8: 0 | CK8: =IFERROR(CJ8/CI8,"-") -> 0 | CL8: 36 | CM8: 0 | CN8: =IFERROR(CM8/CL8,"-") -> 0 | CO8: 0 | CP8: 0 | CQ8: =IFERROR(CP8/CO8,"-") -> -
A9: 3 | B9: KAGGADASPURA | C9: DAY | D9: COED | E9: 0 | F9: 0 | G9: 0 | H9: 0 | I9: =SUM(E9,G9) -> 0 | J9: =SUM(F9,H9) -> 0 | K9: =IFERROR(J9/I9,"-") -> - | L9: 0 | M9: 0 | N9: 0 | O9: 0 | P9: =SUM(L9,N9) -> 0 | Q9: =SUM(M9,O9) -> 0 | R9: =IFERROR(Q9/P9,"-") -> - | S9: 35 | T9: =S9-7 -> 28 | U9: 15 | V9: 15 | W9: =SUM(S9,U9) -> 50 | X9: =SUM(T9,V9) -> 43 | Y9: =IFERROR(X9/W9,"-") -> 0.86 | Z9: 0 | AA9: 0 | AB9: 0 | AC9: 0 | AD9: =SUM(Z9,AB9) -> 0 | AE9: =SUM(AA9,AC9) -> 0 | AF9: =IFERROR(AE9/AD9,"-") -> - | AG9: 0 | AH9: 0 | AI9: 0 | AJ9: 0 | AK9: =SUM(AG9,AI9) -> 0 | AL9: =SUM(AH9,AJ9) -> 0 | AM9: =IFERROR(AL9/AK9,"-") -> - | AN9: 39 | AO9: =AN9-4 -> 35 | AP9: 12 | AQ9: 12 | AR9: =SUM(AN9,AP9) -> 51 | AS9: =SUM(AO9,AQ9) -> 47 | AT9: =IFERROR(AS9/AR9,"-") -> 0.92156863 | AU9: 0 | AV9: 0 | AW9: 0 | AX9: 0 | AY9: =SUM(AU9,AW9) -> 0 | AZ9: =SUM(AV9,AX9) -> 0 | BA9: =IFERROR(AZ9/AY9,"-") -> - | BB9: 29 | BC9: =BB9-3 -> 26 | BD9: 10 | BE9: 10 | BF9: =SUM(BB9,BD9) -> 39 | BG9: =SUM(BC9,BE9) -> 36 | BH9: =IFERROR(BG9/BF9,"-") -> 0.92307692 | BI9: 0 | BJ9: 0 | BK9: 0 | BL9: 0 | BM9: =SUM(BI9,BK9) -> 0 | BN9: =SUM(BJ9,BL9) -> 0 | BO9: =IFERROR(BN9/BM9,"-") -> - | BP9: 0 | BQ9: 0 | BR9: 0 | BS9: 0 | BT9: =SUM(BP9,BR9) -> 0 | BU9: =SUM(BQ9,BS9) -> 0 | BV9: =IFERROR(BU9/BT9,"-") -> - | BW9: =SUM(E9,S9,Z9,AG9,AN9,AU9,L9,BB9,BI9,BP9) -> 103 | BX9: =SUM(F9,T9,AA9,AH9,AO9,AV9,M9,BC9,BJ9,BQ9) -> 89 | BY9: =IFERROR(BX9/BW9,"-") -> 0.86407767 | BZ9: =SUM(G9,U9,AB9,AI9,AP9,AW9,N9,BD9,BK9,BR9) -> 37 | CA9: =SUM(H9,V9,AC9,AJ9,AQ9,AX9,O9,BE9,BL9,BS9) -> 37 | CB9: =IFERROR(CA9/BZ9,"-") -> 1 | CC9: =SUM(BW9,BZ9) -> 140 | CD9: =SUM(BX9,CA9) -> 126 | CE9: =IFERROR(CD9/CC9,"-") -> 0.9 | CF9: 0 | CG9: 0 | CH9: =IFERROR(CG9/CF9,"-") -> - | CI9: 0 | CJ9: 0 | CK9: =IFERROR(CJ9/CI9,"-") -> - | CL9: 0 | CM9: 0 | CN9: =IFERROR(CM9/CL9,"-") -> - | CO9: 0 | CP9: 0 | CQ9: =IFERROR(CP9/CO9,"-") -> -
A10: 4 | B10: KR PURAM | C10: DAY | D10: COED | E10: 0 | F10: 0 | G10: 0 | H10: 0 | I10: =SUM(E10,G10) -> 0 | J10: =SUM(F10,H10) -> 0 | K10: =IFERROR(J10/I10,"-") -> - | L10: 0 | M10: 0 | N10: 0 | O10: 0 | P10: =SUM(L10,N10) -> 0 | Q10: =SUM(M10,O10) -> 0 | R10: =IFERROR(Q10/P10,"-") -> - | S10: 40 | T10: 36 | U10: 11 | V10: 10 | W10: =SUM(S10,U10) -> 51 | X10: =SUM(T10,V10) -> 46 | Y10: =IFERROR(X10/W10,"-") -> 0.90196078 | Z10: 0 | AA10: 0 | AB10: 0 | AC10: 0 | AD10: =SUM(Z10,AB10) -> 0 | AE10: =SUM(AA10,AC10) -> 0 | AF10: =IFERROR(AE10/AD10,"-") -> - | AG10: 0 | AH10: 0 | AI10: 0 | AJ10: 0 | AK10: =SUM(AG10,AI10) -> 0 | AL10: =SUM(AH10,AJ10) -> 0 | AM10: =IFERROR(AL10/AK10,"-") -> - | AN10: 41 | AO10: 36 | AP10: 59 | AQ10: 53 | AR10: =SUM(AN10,AP10) -> 100 | AS10: =SUM(AO10,AQ10) -> 89 | AT10: =IFERROR(AS10/AR10,"-") -> 0.89 | AU10: 0 | AV10: 0 | AW10: 0 | AX10: 0 | AY10: =SUM(AU10,AW10) -> 0 | AZ10: =SUM(AV10,AX10) -> 0 | BA10: =IFERROR(AZ10/AY10,"-") -> - | BB10: 32 | BC10: 28 | BD10: 16 | BE10: 13 | BF10: =SUM(BB10,BD10) -> 48 | BG10: =SUM(BC10,BE10) -> 41 | BH10: =IFERROR(BG10/BF10,"-") -> 0.85416667 | BI10: 0 | BJ10: 0 | BK10: 0 | BL10: 0 | BM10: =SUM(BI10,BK10) -> 0 | BN10: =SUM(BJ10,BL10) -> 0 | BO10: =IFERROR(BN10/BM10,"-") -> - | BP10: 0 | BQ10: 0 | BR10: 0 | BS10: 0 | BT10: =SUM(BP10,BR10) -> 0 | BU10: =SUM(BQ10,BS10) -> 0 | BV10: =IFERROR(BU10/BT10,"-") -> - | BW10: =SUM(E10,S10,Z10,AG10,AN10,AU10,L10,BB10,BI10,BP10) -> 113 | BX10: =SUM(F10,T10,AA10,AH10,AO10,AV10,M10,BC10,BJ10,BQ10) -> 100 | BY10: =IFERROR(BX10/BW10,"-") -> 0.88495575 | BZ10: =SUM(G10,U10,AB10,AI10,AP10,AW10,N10,BD10,BK10,BR10) -> 86 | CA10: =SUM(H10,V10,AC10,AJ10,AQ10,AX10,O10,BE10,BL10,BS10) -> 76 | CB10: =IFERROR(CA10/BZ10,"-") -> 0.88372093 | CC10: =SUM(BW10,BZ10) -> 199 | CD10: =SUM(BX10,CA10) -> 176 | CE10: =IFERROR(CD10/CC10,"-") -> 0.88442211 | CF10: 0 | CG10: 0 | CH10: =IFERROR(CG10/CF10,"-") -> - | CI10: 0 | CJ10: 0 | CK10: =IFERROR(CJ10/CI10,"-") -> - | CL10: 0 | CM10: 0 | CN10: =IFERROR(CM10/CL10,"-") -> - | CO10: 0 | CP10: 0 | CQ10: =IFERROR(CP10/CO10,"-") -> -
A11: 5 | B11: KUDLU | C11: DAY | D11: COED | E11: 0 | F11: 0 | G11: 0 | H11: 0 | I11: =SUM(E11,G11) -> 0 | J11: =SUM(F11,H11) -> 0 | K11: =IFERROR(J11/I11,"-") -> - | L11: 44 | M11: 40 | N11: 0 | O11: 0 | P11: =SUM(L11,N11) -> 44 | Q11: =SUM(M11,O11) -> 40 | R11: =IFERROR(Q11/P11,"-") -> 0.90909091 | S11: 31 | T11: 29 | U11: 15 | V11: 13 | W11: =SUM(S11,U11) -> 46 | X11: =SUM(T11,V11) -> 42 | Y11: =IFERROR(X11/W11,"-") -> 0.91304348 | Z11: 0 | AA11: 0 | AB11: 0 | AC11: 0 | AD11: =SUM(Z11,AB11) -> 0 | AE11: =SUM(AA11,AC11) -> 0 | AF11: =IFERROR(AE11/AD11,"-") -> - | AG11: 27 | AH11: 25 | AI11: 7 | AJ11: 6 | AK11: =SUM(AG11,AI11) -> 34 | AL11: =SUM(AH11,AJ11) -> 31 | AM11: =IFERROR(AL11/AK11,"-") -> 0.91176471 | AN11: 17 | AO11: 16 | AP11: 24 | AQ11: 20 | AR11: =SUM(AN11,AP11) -> 41 | AS11: =SUM(AO11,AQ11) -> 36 | AT11: =IFERROR(AS11/AR11,"-") -> 0.87804878 | AU11: 0 | AV11: 0 | AW11: 0 | AX11: 0 | AY11: =SUM(AU11,AW11) -> 0 | AZ11: =SUM(AV11,AX11) -> 0 | BA11: =IFERROR(AZ11/AY11,"-") -> - | BB11: 31 | BC11: 28 | BD11: 16 | BE11: 15 | BF11: =SUM(BB11,BD11) -> 47 | BG11: =SUM(BC11,BE11) -> 43 | BH11: =IFERROR(BG11/BF11,"-") -> 0.91489362 | BI11: 0 | BJ11: 0 | BK11: 0 | BL11: 0 | BM11: =SUM(BI11,BK11) -> 0 | BN11: =SUM(BJ11,BL11) -> 0 | BO11: =IFERROR(BN11/BM11,"-") -> - | BP11: 15 | BQ11: 14 | BR11: 14 | BS11: 13 | BT11: =SUM(BP11,BR11) -> 29 | BU11: =SUM(BQ11,BS11) -> 27 | BV11: =IFERROR(BU11/BT11,"-") -> 0.93103448 | BW11: =SUM(E11,S11,Z11,AG11,AN11,AU11,L11,BB11,BI11,BP11) -> 165 | BX11: =SUM(F11,T11,AA11,AH11,AO11,AV11,M11,BC11,BJ11,BQ11) -> 152 | BY11: =IFERROR(BX11/BW11,"-") -> 0.92121212 | BZ11: =SUM(G11,U11,AB11,AI11,AP11,AW11,N11,BD11,BK11,BR11) -> 76 | CA11: =SUM(H11,V11,AC11,AJ11,AQ11,AX11,O11,BE11,BL11,BS11) -> 67 | CB11: =IFERROR(CA11/BZ11,"-") -> 0.88157895 | CC11: =SUM(BW11,BZ11) -> 241 | CD11: =SUM(BX11,CA11) -> 219 | CE11: =IFERROR(CD11/CC11,"-") -> 0.90871369 | CF11: 0 | CG11: 0 | CH11: =IFERROR(CG11/CF11,"-") -> - | CI11: 0 | CJ11: 0 | CK11: =IFERROR(CJ11/CI11,"-") -> - | CL11: 0 | CM11: 0 | CN11: =IFERROR(CM11/CL11,"-") -> - | CO11: 0 | CP11: 0 | CQ11: =IFERROR(CP11/CO11,"-") -> -
A12: 6 | B12: MARTHAHALLI | C12: D&R | D12: COED | E12: 161 | F12: 149 | G12: 0 | H12: 0 | I12: =SUM(E12,G12) -> 161 | J12: =SUM(F12,H12) -> 149 | K12: =IFERROR(J12/I12,"-") -> 0.92546584 | L12: 236 | M12: 216 | N12: 0 | O12: 0 | P12: =SUM(L12,N12) -> 236 | Q12: =SUM(M12,O12) -> 216 | R12: =IFERROR(Q12/P12,"-") -> 0.91525424 | S12: 0 | T12: 0 | U12: 0 | V12: 0 | W12: =SUM(S12,U12) -> 0 | X12: =SUM(T12,V12) -> 0 | Y12: =IFERROR(X12/W12,"-") -> - | Z12: 0 | AA12: 0 | AB12: 0 | AC12: 0 | AD12: =SUM(Z12,AB12) -> 0 | AE12: =SUM(AA12,AC12) -> 0 | AF12: =IFERROR(AE12/AD12,"-") -> - | AG12: 0 | AH12: 0 | AI12: 0 | AJ12: 0 | AK12: =SUM(AG12,AI12) -> 0 | AL12: =SUM(AH12,AJ12) -> 0 | AM12: =IFERROR(AL12/AK12,"-") -> - | AN12: 0 | AO12: 0 | AP12: 0 | AQ12: 0 | AR12: =SUM(AN12,AP12) -> 0 | AS12: =SUM(AO12,AQ12) -> 0 | AT12: =IFERROR(AS12/AR12,"-") -> - | AU12: 153 | AV12: 140 | AW12: 0 | AX12: 0 | AY12: =SUM(AU12,AW12) -> 153 | AZ12: =SUM(AV12,AX12) -> 140 | BA12: =IFERROR(AZ12/AY12,"-") -> 0.91503268 | BB12: 0 | BC12: 0 | BD12: 0 | BE12: 0 | BF12: =SUM(BB12,BD12) -> 0 | BG12: =SUM(BC12,BE12) -> 0 | BH12: =IFERROR(BG12/BF12,"-") -> - | BI12: 0 | BJ12: 0 | BK12: 0 | BL12: 0 | BM12: =SUM(BI12,BK12) -> 0 | BN12: =SUM(BJ12,BL12) -> 0 | BO12: =IFERROR(BN12/BM12,"-") -> - | BP12: 0 | BQ12: 0 | BR12: 0 | BS12: 0 | BT12: =SUM(BP12,BR12) -> 0 | BU12: =SUM(BQ12,BS12) -> 0 | BV12: =IFERROR(BU12/BT12,"-") -> - | BW12: =SUM(E12,S12,Z12,AG12,AN12,AU12,L12,BB12,BI12,BP12) -> 550 | BX12: =SUM(F12,T12,AA12,AH12,AO12,AV12,M12,BC12,BJ12,BQ12) -> 505 | BY12: =IFERROR(BX12/BW12,"-") -> 0.91818182 | BZ12: =SUM(G12,U12,AB12,AI12,AP12,AW12,N12,BD12,BK12,BR12) -> 0 | CA12: =SUM(H12,V12,AC12,AJ12,AQ12,AX12,O12,BE12,BL12,BS12) -> 0 | CB12: =IFERROR(CA12/BZ12,"-") -> - | CC12: =SUM(BW12,BZ12) -> 550 | CD12: =SUM(BX12,CA12) -> 505 | CE12: =IFERROR(CD12/CC12,"-") -> 0.91818182 | CF12: 45 | CG12: 45 | CH12: =IFERROR(CG12/CF12,"-") -> 1 | CI12: 53 | CJ12: 53 | CK12: =IFERROR(CJ12/CI12,"-") -> 1 | CL12: 91 | CM12: 91 | CN12: =IFERROR(CM12/CL12,"-") -> 1 | CO12: 107 | CP12: 107 | CQ12: =IFERROR(CP12/CO12,"-") -> 1
A13: 7 | B13: MARTHAHALLI C-120 | C13: DAY | D13: COED | E13: 0 | F13: 0 | G13: 0 | H13: 0 | I13: =SUM(E13,G13) -> 0 | J13: =SUM(F13,H13) -> 0 | K13: =IFERROR(J13/I13,"-") -> - | L13: 0 | M13: 0 | N13: 0 | O13: 0 | P13: =SUM(L13,N13) -> 0 | Q13: =SUM(M13,O13) -> 0 | R13: =IFERROR(Q13/P13,"-") -> - | S13: 116 | T13: 100 | U13: 38 | V13: 34 | W13: =SUM(S13,U13) -> 154 | X13: =SUM(T13,V13) -> 134 | Y13: =IFERROR(X13/W13,"-") -> 0.87012987 | Z13: 0 | AA13: 0 | AB13: 0 | AC13: 0 | AD13: =SUM(Z13,AB13) -> 0 | AE13: =SUM(AA13,AC13) -> 0 | AF13: =IFERROR(AE13/AD13,"-") -> - | AG13: 55 | AH13: 54 | AI13: 0 | AJ13: 0 | AK13: =SUM(AG13,AI13) -> 55 | AL13: =SUM(AH13,AJ13) -> 54 | AM13: =IFERROR(AL13/AK13,"-") -> 0.98181818 | AN13: 60 | AO13: 47 | AP13: 52 | AQ13: 51 | AR13: =SUM(AN13,AP13) -> 112 | AS13: =SUM(AO13,AQ13) -> 98 | AT13: =IFERROR(AS13/AR13,"-") -> 0.875 | AU13: 0 | AV13: 0 | AW13: 0 | AX13: 0 | AY13: =SUM(AU13,AW13) -> 0 | AZ13: =SUM(AV13,AX13) -> 0 | BA13: =IFERROR(AZ13/AY13,"-") -> - | BB13: 48 | BC13: 47 | BD13: 17 | BE13: 16 | BF13: =SUM(BB13,BD13) -> 65 | BG13: =SUM(BC13,BE13) -> 63 | BH13: =IFERROR(BG13/BF13,"-") -> 0.96923077 | BI13: 0 | BJ13: 0 | BK13: 0 | BL13: 0 | BM13: =SUM(BI13,BK13) -> 0 | BN13: =SUM(BJ13,BL13) -> 0 | BO13: =IFERROR(BN13/BM13,"-") -> - | BP13: 0 | BQ13: 0 | BR13: 0 | BS13: 0 | BT13: =SUM(BP13,BR13) -> 0 | BU13: =SUM(BQ13,BS13) -> 0 | BV13: =IFERROR(BU13/BT13,"-") -> - | BW13: =SUM(E13,S13,Z13,AG13,AN13,AU13,L13,BB13,BI13,BP13) -> 279 | BX13: =SUM(F13,T13,AA13,AH13,AO13,AV13,M13,BC13,BJ13,BQ13) -> 248 | BY13: =IFERROR(BX13/BW13,"-") -> 0.88888889 | BZ13: =SUM(G13,U13,AB13,AI13,AP13,AW13,N13,BD13,BK13,BR13) -> 107 | CA13: =SUM(H13,V13,AC13,AJ13,AQ13,AX13,O13,BE13,BL13,BS13) -> 101 | CB13: =IFERROR(CA13/BZ13,"-") -> 0.94392523 | CC13: =SUM(BW13,BZ13) -> 386 | CD13: =SUM(BX13,CA13) -> 349 | CE13: =IFERROR(CD13/CC13,"-") -> 0.90414508 | CF13: 0 | CG13: 0 | CH13: =IFERROR(CG13/CF13,"-") -> - | CI13: 0 | CJ13: 0 | CK13: =IFERROR(CJ13/CI13,"-") -> - | CL13: 0 | CM13: 0 | CN13: =IFERROR(CM13/CL13,"-") -> - | CO13: 0 | CP13: 0 | CQ13: =IFERROR(CP13/CO13,"-") -> -
A14: 8 | B14: BELLANDUR | C14: D&R | D14: COED | E14: 0 | F14: 0 | G14: 0 | H14: 0 | I14: =SUM(E14,G14) -> 0 | J14: =SUM(F14,H14) -> 0 | K14: =IFERROR(J14/I14,"-") -> - | L14: 0 | M14: 0 | N14: 0 | O14: 0 | P14: =SUM(L14,N14) -> 0 | Q14: =SUM(M14,O14) -> 0 | R14: =IFERROR(Q14/P14,"-") -> - | T14: 0 | U14: 0 | V14: 0 | W14: =SUM(S14,U14) -> 0 | X14: =SUM(T14,V14) -> 0 | Y14: =IFERROR(X14/W14,"-") -> - | Z14: 0 | AA14: 0 | AB14: 0 | AC14: 0 | AD14: =SUM(Z14,AB14) -> 0 | AE14: =SUM(AA14,AC14) -> 0 | AF14: =IFERROR(AE14/AD14,"-") -> - | AG14: 0 | AH14: 0 | AI14: 0 | AJ14: 0 | AK14: =SUM(AG14,AI14) -> 0 | AL14: =SUM(AH14,AJ14) -> 0 | AM14: =IFERROR(AL14/AK14,"-") -> - | AN14: 0 | AO14: 0 | AP14: 0 | AQ14: 0 | AR14: =SUM(AN14,AP14) -> 0 | AS14: =SUM(AO14,AQ14) -> 0 | AT14: =IFERROR(AS14/AR14,"-") -> - | AU14: 71 | AV14: 69 | AW14: 0 | AX14: 0 | AY14: =SUM(AU14,AW14) -> 71 | AZ14: =SUM(AV14,AX14) -> 69 | BA14: =IFERROR(AZ14/AY14,"-") -> 0.97183099 | BB14: 0 | BC14: 0 | BD14: 0 | BE14: 0 | BF14: =SUM(BB14,BD14) -> 0 | BG14: =SUM(BC14,BE14) -> 0 | BH14: =IFERROR(BG14/BF14,"-") -> - | BI14: 0 | BJ14: 0 | BK14: 0 | BL14: 0 | BM14: =SUM(BI14,BK14) -> 0 | BN14: =SUM(BJ14,BL14) -> 0 | BO14: =IFERROR(BN14/BM14,"-") -> - | BP14: 0 | BQ14: 0 | BR14: 0 | BS14: 0 | BT14: =SUM(BP14,BR14) -> 0 | BU14: =SUM(BQ14,BS14) -> 0 | BV14: =IFERROR(BU14/BT14,"-") -> - | BW14: =SUM(E14,S14,Z14,AG14,AN14,AU14,L14,BB14,BI14,BP14) -> 71 | BX14: =SUM(F14,T14,AA14,AH14,AO14,AV14,M14,BC14,BJ14,BQ14) -> 69 | BY14: =IFERROR(BX14/BW14,"-") -> 0.97183099 | BZ14: =SUM(G14,U14,AB14,AI14,AP14,AW14,N14,BD14,BK14,BR14) -> 0 | CA14: =SUM(H14,V14,AC14,AJ14,AQ14,AX14,O14,BE14,BL14,BS14) -> 0 | CB14: =IFERROR(CA14/BZ14,"-") -> - | CC14: =SUM(BW14,BZ14) -> 71 | CD14: =SUM(BX14,CA14) -> 69 | CE14: =IFERROR(CD14/CC14,"-") -> 0.97183099 | CF14: 0 | CG14: 0 | CH14: =IFERROR(CG14/CF14,"-") -> - | CI14: 0 | CJ14: 0 | CK14: =IFERROR(CJ14/CI14,"-") -> - | CL14: 0 | CM14: 0 | CN14: =IFERROR(CM14/CL14,"-") -> - | CO14: 0 | CP14: 0 | CQ14: =IFERROR(CP14/CO14,"-") -> -
A15: 9 | B15: HEGDENAGAR | C15: DAY | D15: COED | E15: 0 | F15: 0 | G15: 0 | H15: 0 | I15: =SUM(E15,G15) -> 0 | J15: =SUM(F15,H15) -> 0 | K15: =IFERROR(J15/I15,"-") -> - | L15: 0 | M15: 0 | N15: 0 | O15: 0 | P15: =SUM(L15,N15) -> 0 | Q15: =SUM(M15,O15) -> 0 | R15: =IFERROR(Q15/P15,"-") -> - | S15: 0 | T15: 0 | U15: 0 | V15: 0 | W15: =SUM(S15,U15) -> 0 | X15: =SUM(T15,V15) -> 0 | Y15: =IFERROR(X15/W15,"-") -> - | Z15: 0 | AA15: 0 | AB15: 0 | AC15: 0 | AD15: =SUM(Z15,AB15) -> 0 | AE15: =SUM(AA15,AC15) -> 0 | AF15: =IFERROR(AE15/AD15,"-") -> - | AG15: 43 | AH15: 40 | AI15: 39 | AJ15: 31 | AK15: =SUM(AG15,AI15) -> 82 | AL15: =SUM(AH15,AJ15) -> 71 | AM15: =IFERROR(AL15/AK15,"-") -> 0.86585366 | AN15: 0 | AO15: 0 | AP15: 0 | AQ15: 0 | AR15: =SUM(AN15,AP15) -> 0 | AS15: =SUM(AO15,AQ15) -> 0 | AT15: =IFERROR(AS15/AR15,"-") -> - | AU15: 0 | AV15: 0 | AW15: 0 | AX15: 0 | AY15: =SUM(AU15,AW15) -> 0 | AZ15: =SUM(AV15,AX15) -> 0 | BA15: =IFERROR(AZ15/AY15,"-") -> - | BB15: 20 | BC15: 12 | BD15: 19 | BE15: 14 | BF15: =SUM(BB15,BD15) -> 39 | BG15: =SUM(BC15,BE15) -> 26 | BH15: =IFERROR(BG15/BF15,"-") -> 0.66666667 | BI15: 0 | BJ15: 0 | BK15: 0 | BL15: 0 | BM15: =SUM(BI15,BK15) -> 0 | BN15: =SUM(BJ15,BL15) -> 0 | BO15: =IFERROR(BN15/BM15,"-") -> - | BP15: 0 | BQ15: 0 | BR15: 0 | BS15: 0 | BT15: =SUM(BP15,BR15) -> 0 | BU15: =SUM(BQ15,BS15) -> 0 | BV15: =IFERROR(BU15/BT15,"-") -> - | BW15: =SUM(E15,S15,Z15,AG15,AN15,AU15,L15,BB15,BI15,BP15) -> 63 | BX15: =SUM(F15,T15,AA15,AH15,AO15,AV15,M15,BC15,BJ15,BQ15) -> 52 | BY15: =IFERROR(BX15/BW15,"-") -> 0.82539683 | BZ15: =SUM(G15,U15,AB15,AI15,AP15,AW15,N15,BD15,BK15,BR15) -> 58 | CA15: =SUM(H15,V15,AC15,AJ15,AQ15,AX15,O15,BE15,BL15,BS15) -> 45 | CB15: =IFERROR(CA15/BZ15,"-") -> 0.77586207 | CC15: =SUM(BW15,BZ15) -> 121 | CD15: =SUM(BX15,CA15) -> 97 | CE15: =IFERROR(CD15/CC15,"-") -> 0.80165289 | CF15: 0 | CG15: 0 | CH15: =IFERROR(CG15/CF15,"-") -> - | CI15: 0 | CJ15: 0 | CK15: =IFERROR(CJ15/CI15,"-") -> - | CL15: 0 | CM15: 0 | CN15: =IFERROR(CM15/CL15,"-") -> - | CO15: 0 | CP15: 0 | CQ15: =IFERROR(CP15/CO15,"-") -> -
A16: 10 | B16: RAJAJI NAGAR | C16: DAY | D16: COED | E16: 0 | F16: 0 | G16: 0 | H16: 0 | I16: =SUM(E16,G16) -> 0 | J16: =SUM(F16,H16) -> 0 | K16: =IFERROR(J16/I16,"-") -> - | L16: 0 | M16: 0 | N16: 0 | O16: 0 | P16: =SUM(L16,N16) -> 0 | Q16: =SUM(M16,O16) -> 0 | R16: =IFERROR(Q16/P16,"-") -> - | S16: 10 | T16: 9 | U16: 36 | V16: 34 | W16: =SUM(S16,U16) -> 46 | X16: =SUM(T16,V16) -> 43 | Y16: =IFERROR(X16/W16,"-") -> 0.93478261 | Z16: 0 | AA16: 0 | AB16: 0 | AC16: 0 | AD16: =SUM(Z16,AB16) -> 0 | AE16: =SUM(AA16,AC16) -> 0 | AF16: =IFERROR(AE16/AD16,"-") -> - | AG16: 9 | AH16: 8 | AI16: 26 | AJ16: 24 | AK16: =SUM(AG16,AI16) -> 35 | AL16: =SUM(AH16,AJ16) -> 32 | AM16: =IFERROR(AL16/AK16,"-") -> 0.91428571 | AN16: 14 | AO16: 13 | AP16: 247 | AQ16: 230 | AR16: =SUM(AN16,AP16) -> 261 | AS16: =SUM(AO16,AQ16) -> 243 | AT16: =IFERROR(AS16/AR16,"-") -> 0.93103448 | AU16: 21 | AV16: 21 | AW16: 32 | AX16: 30 | AY16: =SUM(AU16,AW16) -> 53 | AZ16: =SUM(AV16,AX16) -> 51 | BA16: =IFERROR(AZ16/AY16,"-") -> 0.96226415 | BB16: 7 | BC16: 6 | BD16: 51 | BE16: 50 | BF16: =SUM(BB16,BD16) -> 58 | BG16: =SUM(BC16,BE16) -> 56 | BH16: =IFERROR(BG16/BF16,"-") -> 0.96551724 | BI16: 0 | BJ16: 0 | BK16: 0 | BL16: 0 | BM16: =SUM(BI16,BK16) -> 0 | BN16: =SUM(BJ16,BL16) -> 0 | BO16: =IFERROR(BN16/BM16,"-") -> - | BP16: 6 | BQ16: 5 | BR16: 55 | BS16: 51 | BT16: =SUM(BP16,BR16) -> 61 | BU16: =SUM(BQ16,BS16) -> 56 | BV16: =IFERROR(BU16/BT16,"-") -> 0.91803279 | BW16: =SUM(E16,S16,Z16,AG16,AN16,AU16,L16,BB16,BI16,BP16) -> 67 | BX16: =SUM(F16,T16,AA16,AH16,AO16,AV16,M16,BC16,BJ16,BQ16) -> 62 | BY16: =IFERROR(BX16/BW16,"-") -> 0.92537313 | BZ16: =SUM(G16,U16,AB16,AI16,AP16,AW16,N16,BD16,BK16,BR16) -> 447 | CA16: =SUM(H16,V16,AC16,AJ16,AQ16,AX16,O16,BE16,BL16,BS16) -> 419 | CB16: =IFERROR(CA16/BZ16,"-") -> 0.93736018 | CC16: =SUM(BW16,BZ16) -> 514 | CD16: =SUM(BX16,CA16) -> 481 | CE16: =IFERROR(CD16/CC16,"-") -> 0.93579767 | CF16: 0 | CG16: 0 | CH16: =IFERROR(CG16/CF16,"-") -> - | CI16: 0 | CJ16: 0 | CK16: =IFERROR(CJ16/CI16,"-") -> - | CL16: 0 | CM16: 0 | CN16: =IFERROR(CM16/CL16,"-") -> - | CO16: 0 | CP16: 0 | CQ16: =IFERROR(CP16/CO16,"-") -> -
A17: 11 | B17: SESHADRIPURAM | C17: DAY | D17: COED | E17: 0 | F17: 0 | G17: 0 | H17: 0 | I17: =SUM(E17,G17) -> 0 | J17: =SUM(F17,H17) -> 0 | K17: =IFERROR(J17/I17,"-") -> - | L17: 0 | M17: 0 | N17: 0 | O17: 0 | P17: =SUM(L17,N17) -> 0 | Q17: =SUM(M17,O17) -> 0 | R17: =IFERROR(Q17/P17,"-") -> - | S17: 51 | T17: 42 | U17: 10 | V17: 7 | W17: =SUM(S17,U17) -> 61 | X17: =SUM(T17,V17) -> 49 | Y17: =IFERROR(X17/W17,"-") -> 0.80327869 | Z17: 0 | AA17: 0 | AB17: 0 | AC17: 0 | AD17: =SUM(Z17,AB17) -> 0 | AE17: =SUM(AA17,AC17) -> 0 | AF17: =IFERROR(AE17/AD17,"-") -> - | AG17: 18 | AH17: 16 | AI17: 35 | AJ17: 34 | AK17: =SUM(AG17,AI17) -> 53 | AL17: =SUM(AH17,AJ17) -> 50 | AM17: =IFERROR(AL17/AK17,"-") -> 0.94339623 | AN17: 14 | AO17: 12 | AP17: 44 | AQ17: 42 | AR17: =SUM(AN17,AP17) -> 58 | AS17: =SUM(AO17,AQ17) -> 54 | AT17: =IFERROR(AS17/AR17,"-") -> 0.93103448 | AU17: 28 | AV17: 26 | AW17: 26 | AX17: 24 | AY17: =SUM(AU17,AW17) -> 54 | AZ17: =SUM(AV17,AX17) -> 50 | BA17: =IFERROR(AZ17/AY17,"-") -> 0.92592593 | BB17: 0 | BC17: 0 | BD17: 0 | BE17: 0 | BF17: =SUM(BB17,BD17) -> 0 | BG17: =SUM(BC17,BE17) -> 0 | BH17: =IFERROR(BG17/BF17,"-") -> - | BI17: 0 | BJ17: 0 | BK17: 0 | BL17: 0 | BM17: =SUM(BI17,BK17) -> 0 | BN17: =SUM(BJ17,BL17) -> 0 | BO17: =IFERROR(BN17/BM17,"-") -> - | BP17: 0 | BQ17: 0 | BR17: 0 | BS17: 0 | BT17: =SUM(BP17,BR17) -> 0 | BU17: =SUM(BQ17,BS17) -> 0 | BV17: =IFERROR(BU17/BT17,"-") -> - | BW17: =SUM(E17,S17,Z17,AG17,AN17,AU17,L17,BB17,BI17,BP17) -> 111 | BX17: =SUM(F17,T17,AA17,AH17,AO17,AV17,M17,BC17,BJ17,BQ17) -> 96 | BY17: =IFERROR(BX17/BW17,"-") -> 0.86486486 | BZ17: =SUM(G17,U17,AB17,AI17,AP17,AW17,N17,BD17,BK17,BR17) -> 115 | CA17: =SUM(H17,V17,AC17,AJ17,AQ17,AX17,O17,BE17,BL17,BS17) -> 107 | CB17: =IFERROR(CA17/BZ17,"-") -> 0.93043478 | CC17: =SUM(BW17,BZ17) -> 226 | CD17: =SUM(BX17,CA17) -> 203 | CE17: =IFERROR(CD17/CC17,"-") -> 0.89823009 | CF17: 0 | CG17: 0 | CH17: =IFERROR(CG17/CF17,"-") -> - | CI17: 0 | CJ17: 0 | CK17: =IFERROR(CJ17/CI17,"-") -> - | CL17: 0 | CM17: 0 | CN17: =IFERROR(CM17/CL17,"-") -> - | CO17: 0 | CP17: 0 | CQ17: =IFERROR(CP17/CO17,"-") -> -
A18: 12 | B18: VIDYARANYAPURA | C18: DAY | D18: COED | E18: 46 | F18: 35 | G18: 0 | H18: 0 | I18: =SUM(E18,G18) -> 46 | J18: =SUM(F18,H18) -> 35 | K18: =IFERROR(J18/I18,"-") -> 0.76086957 | L18: 0 | M18: 0 | N18: 0 | O18: 0 | P18: =SUM(L18,N18) -> 0 | Q18: =SUM(M18,O18) -> 0 | R18: =IFERROR(Q18/P18,"-") -> - | S18: 46 | T18: 36 | U18: 21 | V18: 19 | W18: =SUM(S18,U18) -> 67 | X18: =SUM(T18,V18) -> 55 | Y18: =IFERROR(X18/W18,"-") -> 0.82089552 | Z18: 0 | AA18: 0 | AB18: 0 | AC18: 0 | AD18: =SUM(Z18,AB18) -> 0 | AE18: =SUM(AA18,AC18) -> 0 | AF18: =IFERROR(AE18/AD18,"-") -> - | AG18: 25 | AH18: 18 | AI18: 35 | AJ18: 30 | AK18: =SUM(AG18,AI18) -> 60 | AL18: =SUM(AH18,AJ18) -> 48 | AM18: =IFERROR(AL18/AK18,"-") -> 0.8 | AN18: 22 | AO18: 14 | AP18: 79 | AQ18: 64 | AR18: =SUM(AN18,AP18) -> 101 | AS18: =SUM(AO18,AQ18) -> 78 | AT18: =IFERROR(AS18/AR18,"-") -> 0.77227723 | AU18: 55 | AV18: 40 | AW18: 0 | AX18: 0 | AY18: =SUM(AU18,AW18) -> 55 | AZ18: =SUM(AV18,AX18) -> 40 | BA18: =IFERROR(AZ18/AY18,"-") -> 0.72727273 | BB18: 0 | BC18: 0 | BD18: 0 | BE18: 0 | BF18: =SUM(BB18,BD18) -> 0 | BG18: =SUM(BC18,BE18) -> 0 | BH18: =IFERROR(BG18/BF18,"-") -> - | BI18: 0 | BJ18: 0 | BK18: 0 | BL18: 0 | BM18: =SUM(BI18,BK18) -> 0 | BN18: =SUM(BJ18,BL18) -> 0 | BO18: =IFERROR(BN18/BM18,"-") -> - | BP18: 24 | BQ18: 20 | BR18: 27 | BS18: 23 | BT18: =SUM(BP18,BR18) -> 51 | BU18: =SUM(BQ18,BS18) -> 43 | BV18: =IFERROR(BU18/BT18,"-") -> 0.84313725 | BW18: =SUM(E18,S18,Z18,AG18,AN18,AU18,L18,BB18,BI18,BP18) -> 218 | BX18: =SUM(F18,T18,AA18,AH18,AO18,AV18,M18,BC18,BJ18,BQ18) -> 163 | BY18: =IFERROR(BX18/BW18,"-") -> 0.74770642 | BZ18: =SUM(G18,U18,AB18,AI18,AP18,AW18,N18,BD18,BK18,BR18) -> 162 | CA18: =SUM(H18,V18,AC18,AJ18,AQ18,AX18,O18,BE18,BL18,BS18) -> 136 | CB18: =IFERROR(CA18/BZ18,"-") -> 0.83950617 | CC18: =SUM(BW18,BZ18) -> 380 | CD18: =SUM(BX18,CA18) -> 299 | CE18: =IFERROR(CD18/CC18,"-") -> 0.78684211 | CF18: 32 | CG18: 17 | CH18: =IFERROR(CG18/CF18,"-") -> 0.53125 | CI18: 40 | CJ18: 19 | CK18: =IFERROR(CJ18/CI18,"-") -> 0.475 | CL18: 50 | CM18: 43 | CN18: =IFERROR(CM18/CL18,"-") -> 0.86 | CO18: 30 | CP18: 30 | CQ18: =IFERROR(CP18/CO18,"-") -> 1
A19: 13 | B19: YESHWANTHPUR | C19: DAY | D19: COED | E19: 0 | F19: 0 | G19: 0 | H19: 0 | I19: =SUM(E19,G19) -> 0 | J19: =SUM(F19,H19) -> 0 | K19: =IFERROR(J19/I19,"-") -> - | L19: 0 | M19: 0 | N19: 0 | O19: 0 | P19: =SUM(L19,N19) -> 0 | Q19: =SUM(M19,O19) -> 0 | R19: =IFERROR(Q19/P19,"-") -> - | S19: 0 | T19: 0 | U19: 0 | V19: 0 | W19: =SUM(S19,U19) -> 0 | X19: =SUM(T19,V19) -> 0 | Y19: =IFERROR(X19/W19,"-") -> - | Z19: 0 | AA19: 0 | AB19: 0 | AC19: 0 | AD19: =SUM(Z19,AB19) -> 0 | AE19: =SUM(AA19,AC19) -> 0 | AF19: =IFERROR(AE19/AD19,"-") -> - | AG19: 0 | AH19: 0 | AI19: 0 | AJ19: 0 | AK19: =SUM(AG19,AI19) -> 0 | AL19: =SUM(AH19,AJ19) -> 0 | AM19: =IFERROR(AL19/AK19,"-") -> - | AN19: 4 | AO19: 3 | AP19: 50 | AQ19: 34 | AR19: =SUM(AN19,AP19) -> 54 | AS19: =SUM(AO19,AQ19) -> 37 | AT19: =IFERROR(AS19/AR19,"-") -> 0.68518519 | AU19: 0 | AV19: 0 | AW19: 0 | AX19: 0 | AY19: =SUM(AU19,AW19) -> 0 | AZ19: =SUM(AV19,AX19) -> 0 | BA19: =IFERROR(AZ19/AY19,"-") -> - | BB19: 0 | BC19: 0 | BD19: 0 | BE19: 0 | BF19: =SUM(BB19,BD19) -> 0 | BG19: =SUM(BC19,BE19) -> 0 | BH19: =IFERROR(BG19/BF19,"-") -> - | BI19: 0 | BJ19: 0 | BK19: 0 | BL19: 0 | BM19: =SUM(BI19,BK19) -> 0 | BN19: =SUM(BJ19,BL19) -> 0 | BO19: =IFERROR(BN19/BM19,"-") -> - | BP19: 6 | BQ19: 5 | BR19: 52 | BS19: 42 | BT19: =SUM(BP19,BR19) -> 58 | BU19: =SUM(BQ19,BS19) -> 47 | BV19: =IFERROR(BU19/BT19,"-") -> 0.81034483 | BW19: =SUM(E19,S19,Z19,AG19,AN19,AU19,L19,BB19,BI19,BP19) -> 10 | BX19: =SUM(F19,T19,AA19,AH19,AO19,AV19,M19,BC19,BJ19,BQ19) -> 8 | BY19: =IFERROR(BX19/BW19,"-") -> 0.8 | BZ19: =SUM(G19,U19,AB19,AI19,AP19,AW19,N19,BD19,BK19,BR19) -> 102 | CA19: =SUM(H19,V19,AC19,AJ19,AQ19,AX19,O19,BE19,BL19,BS19) -> 76 | CB19: =IFERROR(CA19/BZ19,"-") -> 0.74509804 | CC19: =SUM(BW19,BZ19) -> 112 | CD19: =SUM(BX19,CA19) -> 84 | CE19: =IFERROR(CD19/CC19,"-") -> 0.75 | CF19: 0 | CG19: 0 | CH19: =IFERROR(CG19/CF19,"-") -> - | CI19: 0 | CJ19: 0 | CK19: =IFERROR(CJ19/CI19,"-") -> - | CL19: 0 | CM19: 0 | CN19: =IFERROR(CM19/CL19,"-") -> - | CO19: 0 | CP19: 0 | CQ19: =IFERROR(CP19/CO19,"-") -> -
A20: 14 | B20: MAGADI ROAD | C20: DAY | D20: COED | E20: 0 | F20: 0 | G20: 0 | H20: 0 | I20: =SUM(E20,G20) -> 0 | J20: =SUM(F20,H20) -> 0 | K20: =IFERROR(J20/I20,"-") -> - | L20: 0 | M20: 0 | N20: 0 | O20: 0 | P20: =SUM(L20,N20) -> 0 | Q20: =SUM(M20,O20) -> 0 | R20: =IFERROR(Q20/P20,"-") -> - | S20: 0 | T20: 0 | U20: 0 | V20: 0 | W20: =SUM(S20,U20) -> 0 | X20: =SUM(T20,V20) -> 0 | Y20: =IFERROR(X20/W20,"-") -> - | Z20: 0 | AA20: 0 | AB20: 0 | AC20: 0 | AD20: =SUM(Z20,AB20) -> 0 | AE20: =SUM(AA20,AC20) -> 0 | AF20: =IFERROR(AE20/AD20,"-") -> - | AG20: 0 | AH20: 0 | AI20: 0 | AJ20: 0 | AK20: =SUM(AG20,AI20) -> 0 | AL20: =SUM(AH20,AJ20) -> 0 | AM20: =IFERROR(AL20/AK20,"-") -> - | AN20: 10 | AO20: 8 | AP20: 71 | AQ20: 57 | AR20: =SUM(AN20,AP20) -> 81 | AS20: =SUM(AO20,AQ20) -> 65 | AT20: =IFERROR(AS20/AR20,"-") -> 0.80246914 | AU20: 0 | AV20: 0 | AW20: 0 | AX20: 0 | AY20: =SUM(AU20,AW20) -> 0 | AZ20: =SUM(AV20,AX20) -> 0 | BA20: =IFERROR(AZ20/AY20,"-") -> - | BB20: 0 | BC20: 0 | BD20: 45 | BE20: 43 | BF20: =SUM(BB20,BD20) -> 45 | BG20: =SUM(BC20,BE20) -> 43 | BH20: =IFERROR(BG20/BF20,"-") -> 0.95555556 | BI20: 0 | BJ20: 0 | BK20: 0 | BL20: 0 | BM20: =SUM(BI20,BK20) -> 0 | BN20: =SUM(BJ20,BL20) -> 0 | BO20: =IFERROR(BN20/BM20,"-") -> - | BP20: 0 | BQ20: 0 | BR20: 0 | BS20: 0 | BT20: =SUM(BP20,BR20) -> 0 | BU20: =SUM(BQ20,BS20) -> 0 | BV20: =IFERROR(BU20/BT20,"-") -> - | BW20: =SUM(E20,S20,Z20,AG20,AN20,AU20,L20,BB20,BI20,BP20) -> 10 | BX20: =SUM(F20,T20,AA20,AH20,AO20,AV20,M20,BC20,BJ20,BQ20) -> 8 | BY20: =IFERROR(BX20/BW20,"-") -> 0.8 | BZ20: =SUM(G20,U20,AB20,AI20,AP20,AW20,N20,BD20,BK20,BR20) -> 116 | CA20: =SUM(H20,V20,AC20,AJ20,AQ20,AX20,O20,BE20,BL20,BS20) -> 100 | CB20: =IFERROR(CA20/BZ20,"-") -> 0.86206897 | CC20: =SUM(BW20,BZ20) -> 126 | CD20: =SUM(BX20,CA20) -> 108 | CE20: =IFERROR(CD20/CC20,"-") -> 0.85714286 | CF20: 0 | CG20: 0 | CH20: =IFERROR(CG20/CF20,"-") -> - | CI20: 0 | CJ20: 0 | CK20: =IFERROR(CJ20/CI20,"-") -> - | CL20: 0 | CM20: 0 | CN20: =IFERROR(CM20/CL20,"-") -> - | CO20: 0 | CP20: 0 | CQ20: =IFERROR(CP20/CO20,"-") -> -
A21: 15 | B21: PEENYA DASARAHALLI | C21: DAY | D21: COED | E21: 0 | F21: 0 | G21: 0 | H21: 0 | I21: =SUM(E21,G21) -> 0 | J21: =SUM(F21,H21) -> 0 | K21: =IFERROR(J21/I21,"-") -> - | L21: 0 | M21: 0 | N21: 0 | O21: 0 | P21: =SUM(L21,N21) -> 0 | Q21: =SUM(M21,O21) -> 0 | R21: =IFERROR(Q21/P21,"-") -> - | S21: 12 | T21: 11 | U21: 13 | V21: 11 | W21: =SUM(S21,U21) -> 25 | X21: =SUM(T21,V21) -> 22 | Y21: =IFERROR(X21/W21,"-") -> 0.88 | Z21: 0 | AA21: 0 | AB21: 0 | AC21: 0 | AD21: =SUM(Z21,AB21) -> 0 | AE21: =SUM(AA21,AC21) -> 0 | AF21: =IFERROR(AE21/AD21,"-") -> - | AG21: 0 | AH21: 0 | AI21: 0 | AJ21: 0 | AK21: =SUM(AG21,AI21) -> 0 | AL21: =SUM(AH21,AJ21) -> 0 | AM21: =IFERROR(AL21/AK21,"-") -> - | AN21: 2 | AO21: 2 | AP21: 54 | AQ21: 44 | AR21: =SUM(AN21,AP21) -> 56 | AS21: =SUM(AO21,AQ21) -> 46 | AT21: =IFERROR(AS21/AR21,"-") -> 0.82142857 | AU21: 0 | AV21: 0 | AW21: 0 | AX21: 0 | AY21: =SUM(AU21,AW21) -> 0 | AZ21: =SUM(AV21,AX21) -> 0 | BA21: =IFERROR(AZ21/AY21,"-") -> - | BB21: 13 | BC21: 9 | BD21: 33 | BE21: 25 | BF21: =SUM(BB21,BD21) -> 46 | BG21: =SUM(BC21,BE21) -> 34 | BH21: =IFERROR(BG21/BF21,"-") -> 0.73913043 | BI21: 0 | BJ21: 0 | BK21: 0 | BL21: 0 | BM21: =SUM(BI21,BK21) -> 0 | BN21: =SUM(BJ21,BL21) -> 0 | BO21: =IFERROR(BN21/BM21,"-") -> - | BP21: 0 | BQ21: 0 | BR21: 0 | BS21: 0 | BT21: =SUM(BP21,BR21) -> 0 | BU21: =SUM(BQ21,BS21) -> 0 | BV21: =IFERROR(BU21/BT21,"-") -> - | BW21: =SUM(E21,S21,Z21,AG21,AN21,AU21,L21,BB21,BI21,BP21) -> 27 | BX21: =SUM(F21,T21,AA21,AH21,AO21,AV21,M21,BC21,BJ21,BQ21) -> 22 | BY21: =IFERROR(BX21/BW21,"-") -> 0.81481481 | BZ21: =SUM(G21,U21,AB21,AI21,AP21,AW21,N21,BD21,BK21,BR21) -> 100 | CA21: =SUM(H21,V21,AC21,AJ21,AQ21,AX21,O21,BE21,BL21,BS21) -> 80 | CB21: =IFERROR(CA21/BZ21,"-") -> 0.8 | CC21: =SUM(BW21,BZ21) -> 127 | CD21: =SUM(BX21,CA21) -> 102 | CE21: =IFERROR(CD21/CC21,"-") -> 0.80314961 | CF21: 0 | CG21: 0 | CH21: =IFERROR(CG21/CF21,"-") -> - | CI21: 0 | CJ21: 0 | CK21: =IFERROR(CJ21/CI21,"-") -> - | CL21: 0 | CM21: 0 | CN21: =IFERROR(CM21/CL21,"-") -> - | CO21: 0 | CP21: 0 | CQ21: =IFERROR(CP21/CO21,"-") -> -
A22: 16 | B22: ELECTRONIC CITY | C22: RESI. | D22: GIRLS | E22: 0 | F22: 0 | G22: 0 | H22: 0 | I22: =SUM(E22,G22) -> 0 | J22: =SUM(F22,H22) -> 0 | K22: =IFERROR(J22/I22,"-") -> - | L22: 0 | M22: 0 | N22: 0 | O22: 0 | P22: =SUM(L22,N22) -> 0 | Q22: =SUM(M22,O22) -> 0 | R22: =IFERROR(Q22/P22,"-") -> - | S22: 10 | T22: 10 | U22: 29 | V22: 27 | W22: =SUM(S22,U22) -> 39 | X22: =SUM(T22,V22) -> 37 | Y22: =IFERROR(X22/W22,"-") -> 0.94871795 | Z22: 0 | AA22: 0 | AB22: 0 | AC22: 0 | AD22: =SUM(Z22,AB22) -> 0 | AE22: =SUM(AA22,AC22) -> 0 | AF22: =IFERROR(AE22/AD22,"-") -> - | AG22: 21 | AH22: 19 | AI22: 20 | AJ22: 20 | AK22: =SUM(AG22,AI22) -> 41 | AL22: =SUM(AH22,AJ22) -> 39 | AM22: =IFERROR(AL22/AK22,"-") -> 0.95121951 | AN22: 9 | AO22: 9 | AP22: 36 | AQ22: 31 | AR22: =SUM(AN22,AP22) -> 45 | AS22: =SUM(AO22,AQ22) -> 40 | AT22: =IFERROR(AS22/AR22,"-") -> 0.88888889 | AU22: 65 | AV22: 64 | AW22: 99 | AX22: 93 | AY22: =SUM(AU22,AW22) -> 164 | AZ22: =SUM(AV22,AX22) -> 157 | BA22: =IFERROR(AZ22/AY22,"-") -> 0.95731707 | BB22: 30 | BC22: 28 | BD22: 79 | BE22: 74 | BF22: =SUM(BB22,BD22) -> 109 | BG22: =SUM(BC22,BE22) -> 102 | BH22: =IFERROR(BG22/BF22,"-") -> 0.93577982 | BI22: 0 | BJ22: 0 | BK22: 0 | BL22: 0 | BM22: =SUM(BI22,BK22) -> 0 | BN22: =SUM(BJ22,BL22) -> 0 | BO22: =IFERROR(BN22/BM22,"-") -> - | BP22: 26 | BQ22: 25 | BR22: 23 | BS22: 20 | BT22: =SUM(BP22,BR22) -> 49 | BU22: =SUM(BQ22,BS22) -> 45 | BV22: =IFERROR(BU22/BT22,"-") -> 0.91836735 | BW22: =SUM(E22,S22,Z22,AG22,AN22,AU22,L22,BB22,BI22,BP22) -> 161 | BX22: =SUM(F22,T22,AA22,AH22,AO22,AV22,M22,BC22,BJ22,BQ22) -> 155 | BY22: =IFERROR(BX22/BW22,"-") -> 0.96273292 | BZ22: =SUM(G22,U22,AB22,AI22,AP22,AW22,N22,BD22,BK22,BR22) -> 286 | CA22: =SUM(H22,V22,AC22,AJ22,AQ22,AX22,O22,BE22,BL22,BS22) -> 265 | CB22: =IFERROR(CA22/BZ22,"-") -> 0.92657343 | CC22: =SUM(BW22,BZ22) -> 447 | CD22: =SUM(BX22,CA22) -> 420 | CE22: =IFERROR(CD22/CC22,"-") -> 0.93959732 | CF22: 0 | CG22: 0 | CH22: =IFERROR(CG22/CF22,"-") -> - | CI22: 0 | CJ22: 0 | CK22: =IFERROR(CJ22/CI22,"-") -> - | CL22: 0 | CM22: 0 | CN22: =IFERROR(CM22/CL22,"-") -> - | CO22: 0 | CP22: 0 | CQ22: =IFERROR(CP22/CO22,"-") -> -
A23: 17 | B23: ELECTRONIC CITY DS | C23: DAY | D23: COED | E23: 0 | F23: 0 | G23: 0 | H23: 0 | I23: =SUM(E23,G23) -> 0 | J23: =SUM(F23,H23) -> 0 | K23: =IFERROR(J23/I23,"-") -> - | L23: 49 | M23: 41 | N23: 0 | O23: 0 | P23: =SUM(L23,N23) -> 49 | Q23: =SUM(M23,O23) -> 41 | R23: =IFERROR(Q23/P23,"-") -> 0.83673469 | S23: 40 | T23: 38 | U23: 12 | V23: 10 | W23: =SUM(S23,U23) -> 52 | X23: =SUM(T23,V23) -> 48 | Y23: =IFERROR(X23/W23,"-") -> 0.92307692 | Z23: 0 | AA23: 0 | AB23: 0 | AC23: 0 | AD23: =SUM(Z23,AB23) -> 0 | AE23: =SUM(AA23,AC23) -> 0 | AF23: =IFERROR(AE23/AD23,"-") -> - | AG23: 32 | AH23: 28 | AI23: 17 | AJ23: 15 | AK23: =SUM(AG23,AI23) -> 49 | AL23: =SUM(AH23,AJ23) -> 43 | AM23: =IFERROR(AL23/AK23,"-") -> 0.87755102 | AN23: 15 | AO23: 10 | AP23: 22 | AQ23: 15 | AR23: =SUM(AN23,AP23) -> 37 | AS23: =SUM(AO23,AQ23) -> 25 | AT23: =IFERROR(AS23/AR23,"-") -> 0.67567568 | AU23: 55 | AV23: 46 | AW23: 17 | AX23: 17 | AY23: =SUM(AU23,AW23) -> 72 | AZ23: =SUM(AV23,AX23) -> 63 | BA23: =IFERROR(AZ23/AY23,"-") -> 0.875 | BB23: 16 | BC23: 10 | BD23: 14 | BE23: 11 | BF23: =SUM(BB23,BD23) -> 30 | BG23: =SUM(BC23,BE23) -> 21 | BH23: =IFERROR(BG23/BF23,"-") -> 0.7 | BI23: 0 | BJ23: 0 | BK23: 0 | BL23: 0 | BM23: =SUM(BI23,BK23) -> 0 | BN23: =SUM(BJ23,BL23) -> 0 | BO23: =IFERROR(BN23/BM23,"-") -> - | BP23: 0 | BQ23: 0 | BR23: 0 | BS23: 0 | BT23: =SUM(BP23,BR23) -> 0 | BU23: =SUM(BQ23,BS23) -> 0 | BV23: =IFERROR(BU23/BT23,"-") -> - | BW23: =SUM(E23,S23,Z23,AG23,AN23,AU23,L23,BB23,BI23,BP23) -> 207 | BX23: =SUM(F23,T23,AA23,AH23,AO23,AV23,M23,BC23,BJ23,BQ23) -> 173 | BY23: =IFERROR(BX23/BW23,"-") -> 0.83574879 | BZ23: =SUM(G23,U23,AB23,AI23,AP23,AW23,N23,BD23,BK23,BR23) -> 82 | CA23: =SUM(H23,V23,AC23,AJ23,AQ23,AX23,O23,BE23,BL23,BS23) -> 68 | CB23: =IFERROR(CA23/BZ23,"-") -> 0.82926829 | CC23: =SUM(BW23,BZ23) -> 289 | CD23: =SUM(BX23,CA23) -> 241 | CE23: =IFERROR(CD23/CC23,"-") -> 0.83391003 | CF23: 0 | CG23: 0 | CH23: =IFERROR(CG23/CF23,"-") -> - | CI23: 0 | CJ23: 0 | CK23: =IFERROR(CJ23/CI23,"-") -> - | CL23: 0 | CM23: 0 | CN23: =IFERROR(CM23/CL23,"-") -> - | CO23: 0 | CP23: 0 | CQ23: =IFERROR(CP23/CO23,"-") -> -
A24: 18 | B24: ECITY NEET BOYS | C24: RESI. | D24: BOYS | E24: 0 | F24: 0 | G24: 0 | H24: 0 | I24: =SUM(E24,G24) -> 0 | J24: =SUM(F24,H24) -> 0 | K24: =IFERROR(J24/I24,"-") -> - | L24: 0 | M24: 0 | N24: 0 | O24: 0 | P24: =SUM(L24,N24) -> 0 | Q24: =SUM(M24,O24) -> 0 | R24: =IFERROR(Q24/P24,"-") -> - | S24: 0 | T24: 0 | U24: 0 | V24: 0 | W24: =SUM(S24,U24) -> 0 | X24: =SUM(T24,V24) -> 0 | Y24: =IFERROR(X24/W24,"-") -> - | Z24: 0 | AA24: 0 | AB24: 0 | AC24: 0 | AD24: =SUM(Z24,AB24) -> 0 | AE24: =SUM(AA24,AC24) -> 0 | AF24: =IFERROR(AE24/AD24,"-") -> - | AG24: 0 | AH24: 0 | AI24: 0 | AJ24: 0 | AK24: =SUM(AG24,AI24) -> 0 | AL24: =SUM(AH24,AJ24) -> 0 | AM24: =IFERROR(AL24/AK24,"-") -> - | AN24: 0 | AO24: 0 | AP24: 0 | AQ24: 0 | AR24: =SUM(AN24,AP24) -> 0 | AS24: =SUM(AO24,AQ24) -> 0 | AT24: =IFERROR(AS24/AR24,"-") -> - | AU24: 79 | AV24: 77 | AW24: 119 | AX24: 112 | AY24: =SUM(AU24,AW24) -> 198 | AZ24: =SUM(AV24,AX24) -> 189 | BA24: =IFERROR(AZ24/AY24,"-") -> 0.95454545 | BB24: 0 | BC24: 0 | BD24: 0 | BE24: 0 | BF24: =SUM(BB24,BD24) -> 0 | BG24: =SUM(BC24,BE24) -> 0 | BH24: =IFERROR(BG24/BF24,"-") -> - | BI24: 0 | BJ24: 0 | BK24: 0 | BL24: 0 | BM24: =SUM(BI24,BK24) -> 0 | BN24: =SUM(BJ24,BL24) -> 0 | BO24: =IFERROR(BN24/BM24,"-") -> - | BP24: 6 | BQ24: 6 | BR24: 42 | BS24: 41 | BT24: =SUM(BP24,BR24) -> 48 | BU24: =SUM(BQ24,BS24) -> 47 | BV24: =IFERROR(BU24/BT24,"-") -> 0.97916667 | BW24: =SUM(E24,S24,Z24,AG24,AN24,AU24,L24,BB24,BI24,BP24) -> 85 | BX24: =SUM(F24,T24,AA24,AH24,AO24,AV24,M24,BC24,BJ24,BQ24) -> 83 | BY24: =IFERROR(BX24/BW24,"-") -> 0.97647059 | BZ24: =SUM(G24,U24,AB24,AI24,AP24,AW24,N24,BD24,BK24,BR24) -> 161 | CA24: =SUM(H24,V24,AC24,AJ24,AQ24,AX24,O24,BE24,BL24,BS24) -> 153 | CB24: =IFERROR(CA24/BZ24,"-") -> 0.95031056 | CC24: =SUM(BW24,BZ24) -> 246 | CD24: =SUM(BX24,CA24) -> 236 | CE24: =IFERROR(CD24/CC24,"-") -> 0.95934959 | CF24: 0 | CG24: 0 | CH24: =IFERROR(CG24/CF24,"-") -> - | CI24: 0 | CJ24: 0 | CK24: =IFERROR(CJ24/CI24,"-") -> - | CL24: 0 | CM24: 0 | CN24: =IFERROR(CM24/CL24,"-") -> - | CO24: 0 | CP24: 0 | CQ24: =IFERROR(CP24/CO24,"-") -> -
A25: 19 | B25: SARJAPURA | C25: DAY | D25: COED | E25: 0 | F25: 0 | G25: 0 | H25: 0 | I25: =SUM(E25,G25) -> 0 | J25: =SUM(F25,H25) -> 0 | K25: =IFERROR(J25/I25,"-") -> - | L25: 40 | M25: 39 | N25: 46 | O25: 44 | P25: =SUM(L25,N25) -> 86 | Q25: =SUM(M25,O25) -> 83 | R25: =IFERROR(Q25/P25,"-") -> 0.96511628 | S25: 30 | T25: 27 | U25: 68 | V25: 63 | W25: =SUM(S25,U25) -> 98 | X25: =SUM(T25,V25) -> 90 | Y25: =IFERROR(X25/W25,"-") -> 0.91836735 | Z25: 0 | AA25: 0 | AB25: 0 | AC25: 0 | AD25: =SUM(Z25,AB25) -> 0 | AE25: =SUM(AA25,AC25) -> 0 | AF25: =IFERROR(AE25/AD25,"-") -> - | AG25: 29 | AH25: 27 | AI25: 23 | AJ25: 21 | AK25: =SUM(AG25,AI25) -> 52 | AL25: =SUM(AH25,AJ25) -> 48 | AM25: =IFERROR(AL25/AK25,"-") -> 0.92307692 | AN25: 7 | AO25: 10 | AP25: 23 | AQ25: 17 | AR25: =SUM(AN25,AP25) -> 30 | AS25: =SUM(AO25,AQ25) -> 27 | AT25: =IFERROR(AS25/AR25,"-") -> 0.9 | AU25: 0 | AV25: 0 | AW25: 0 | AX25: 0 | AY25: =SUM(AU25,AW25) -> 0 | AZ25: =SUM(AV25,AX25) -> 0 | BA25: =IFERROR(AZ25/AY25,"-") -> - | BB25: 0 | BC25: 0 | BD25: 0 | BE25: 0 | BF25: =SUM(BB25,BD25) -> 0 | BG25: =SUM(BC25,BE25) -> 0 | BH25: =IFERROR(BG25/BF25,"-") -> - | BI25: 0 | BJ25: 0 | BK25: 0 | BL25: 0 | BM25: =SUM(BI25,BK25) -> 0 | BN25: =SUM(BJ25,BL25) -> 0 | BO25: =IFERROR(BN25/BM25,"-") -> - | BP25: 0 | BQ25: 0 | BR25: 0 | BS25: 0 | BT25: =SUM(BP25,BR25) -> 0 | BU25: =SUM(BQ25,BS25) -> 0 | BV25: =IFERROR(BU25/BT25,"-") -> - | BW25: =SUM(E25,S25,Z25,AG25,AN25,AU25,L25,BB25,BI25,BP25) -> 106 | BX25: =SUM(F25,T25,AA25,AH25,AO25,AV25,M25,BC25,BJ25,BQ25) -> 103 | BY25: =IFERROR(BX25/BW25,"-") -> 0.97169811 | BZ25: =SUM(G25,U25,AB25,AI25,AP25,AW25,N25,BD25,BK25,BR25) -> 160 | CA25: =SUM(H25,V25,AC25,AJ25,AQ25,AX25,O25,BE25,BL25,BS25) -> 145 | CB25: =IFERROR(CA25/BZ25,"-") -> 0.90625 | CC25: =SUM(BW25,BZ25) -> 266 | CD25: =SUM(BX25,CA25) -> 248 | CE25: =IFERROR(CD25/CC25,"-") -> 0.93233083 | CF25: 0 | CG25: 0 | CH25: =IFERROR(CG25/CF25,"-") -> - | CI25: 0 | CJ25: 0 | CK25: =IFERROR(CJ25/CI25,"-") -> - | CL25: 0 | CM25: 0 | CN25: =IFERROR(CM25/CL25,"-") -> - | CO25: 0 | CP25: 0 | CQ25: =IFERROR(CP25/CO25,"-") -> -
A26: 20 | B26: NAGARBHAVI | C26: DAY | D26: COED | E26: 0 | F26: 0 | G26: 0 | H26: 0 | I26: =SUM(E26,G26) -> 0 | J26: =SUM(F26,H26) -> 0 | K26: =IFERROR(J26/I26,"-") -> - | L26: 20 | M26: 19 | N26: 14 | O26: 13 | P26: =SUM(L26,N26) -> 34 | Q26: =SUM(M26,O26) -> 32 | R26: =IFERROR(Q26/P26,"-") -> 0.94117647 | S26: 8 | T26: 6 | U26: 46 | V26: 39 | W26: =SUM(S26,U26) -> 54 | X26: =SUM(T26,V26) -> 45 | Y26: =IFERROR(X26/W26,"-") -> 0.83333333 | Z26: 0 | AA26: 0 | AB26: 0 | AC26: 0 | AD26: =SUM(Z26,AB26) -> 0 | AE26: =SUM(AA26,AC26) -> 0 | AF26: =IFERROR(AE26/AD26,"-") -> - | AG26: 11 | AH26: 9 | AI26: 35 | AJ26: 31 | AK26: =SUM(AG26,AI26) -> 46 | AL26: =SUM(AH26,AJ26) -> 40 | AM26: =IFERROR(AL26/AK26,"-") -> 0.86956522 | AN26: 3 | AO26: 2 | AP26: 162 | AQ26: 132 | AR26: =SUM(AN26,AP26) -> 165 | AS26: =SUM(AO26,AQ26) -> 134 | AT26: =IFERROR(AS26/AR26,"-") -> 0.81212121 | AU26: 8 | AV26: 6 | AW26: 43 | AX26: 33 | AY26: =SUM(AU26,AW26) -> 51 | AZ26: =SUM(AV26,AX26) -> 39 | BA26: =IFERROR(AZ26/AY26,"-") -> 0.76470588 | BB26: 10 | BC26: 8 | BD26: 44 | BE26: 34 | BF26: =SUM(BB26,BD26) -> 54 | BG26: =SUM(BC26,BE26) -> 42 | BH26: =IFERROR(BG26/BF26,"-") -> 0.77777778 | BI26: 0 | BJ26: 0 | BK26: 0 | BL26: 0 | BM26: =SUM(BI26,BK26) -> 0 | BN26: =SUM(BJ26,BL26) -> 0 | BO26: =IFERROR(BN26/BM26,"-") -> - | BP26: 5 | BQ26: 4 | BR26: 49 | BS26: 44 | BT26: =SUM(BP26,BR26) -> 54 | BU26: =SUM(BQ26,BS26) -> 48 | BV26: =IFERROR(BU26/BT26,"-") -> 0.88888889 | BW26: =SUM(E26,S26,Z26,AG26,AN26,AU26,L26,BB26,BI26,BP26) -> 65 | BX26: =SUM(F26,T26,AA26,AH26,AO26,AV26,M26,BC26,BJ26,BQ26) -> 54 | BY26: =IFERROR(BX26/BW26,"-") -> 0.83076923 | BZ26: =SUM(G26,U26,AB26,AI26,AP26,AW26,N26,BD26,BK26,BR26) -> 393 | CA26: =SUM(H26,V26,AC26,AJ26,AQ26,AX26,O26,BE26,BL26,BS26) -> 326 | CB26: =IFERROR(CA26/BZ26,"-") -> 0.82951654 | CC26: =SUM(BW26,BZ26) -> 458 | CD26: =SUM(BX26,CA26) -> 380 | CE26: =IFERROR(CD26/CC26,"-") -> 0.82969432 | CF26: 0 | CG26: 0 | CH26: =IFERROR(CG26/CF26,"-") -> - | CI26: 0 | CJ26: 0 | CK26: =IFERROR(CJ26/CI26,"-") -> - | CL26: 0 | CM26: 0 | CN26: =IFERROR(CM26/CL26,"-") -> - | CO26: 0 | CP26: 0 | CQ26: =IFERROR(CP26/CO26,"-") -> -
... A28: 22 | B28: J P NAGAR | C28: DAY | D28: COED | E28: 0 | F28: 0 | G28: 0 | H28: 0 | I28: =SUM(E28,G28) -> 0 | J28: =SUM(F28,H28) -> 0 | K28: =IFERROR(J28/I28,"-") -> - | L28: 0 | M28: 0 | N28: 0 | O28: 0 | P28: =SUM(L28,N28) -> 0 | Q28: =SUM(M28,O28) -> 0 | R28: =IFERROR(Q28/P28,"-") -> - | S28: 22 | T28: 15 | U28: 25 | V28: 25 | W28: =SUM(S28,U28) -> 47 | X28: =SUM(T28,V28) -> 40 | Y28: =IFERROR(X28/W28,"-") -> 0.85106383 | Z28: 0 | AA28: 0 | AB28: 0 | AC28: 0 | AD28: =SUM(Z28,AB28) -> 0 | AE28: =SUM(AA28,AC28) -> 0 | AF28: =IFERROR(AE28/AD28,"-") -> - | AG28: 33 | AH28: 25 | AI28: 56 | AJ28: 47 | AK28: =SUM(AG28,AI28) -> 89 | AL28: =SUM(AH28,AJ28) -> 72 | AM28: =IFERROR(AL28/AK28,"-") -> 0.80898876 | AN28: 23 | AO28: 17 | AP28: 84 | AQ28: 77 | AR28: =SUM(AN28,AP28) -> 107 | AS28: =SUM(AO28,AQ28) -> 94 | AT28: =IFERROR(AS28/AR28,"-") -> 0.87850467 | AU28: 104 | AV28: 93 | AW28: 1 | AX28: 1 | AY28: =SUM(AU28,AW28) -> 105 | AZ28: =SUM(AV28,AX28) -> 94 | BA28: =IFERROR(AZ28/AY28,"-") -> 0.8952381 | BB28: 0 | BC28: 0 | BD28: 0 | BE28: 0 | BF28: =SUM(BB28,BD28) -> 0 | BG28: =SUM(BC28,BE28) -> 0 | BH28: =IFERROR(BG28/BF28,"-") -> - | BI28: 0 | BJ28: 0 | BK28: 0 | BL28: 0 | BM28: =SUM(BI28,BK28) -> 0 | BN28: =SUM(BJ28,BL28) -> 0 | BO28: =IFERROR(BN28/BM28,"-") -> - | BP28: 26 | BQ28: 22 | BR28: 23 | BS28: 22 | BT28: =SUM(BP28,BR28) -> 49 | BU28: =SUM(BQ28,BS28) -> 44 | BV28: =IFERROR(BU28/BT28,"-") -> 0.89795918 | BW28: =SUM(E28,S28,Z28,AG28,AN28,AU28,L28,BB28,BI28,BP28) -> 208 | BX28: =SUM(F28,T28,AA28,AH28,AO28,AV28,M28,BC28,BJ28,BQ28) -> 172 | BY28: =IFERROR(BX28/BW28,"-") -> 0.82692308 | BZ28: =SUM(G28,U28,AB28,AI28,AP28,AW28,N28,BD28,BK28,BR28) -> 189 | CA28: =SUM(H28,V28,AC28,AJ28,AQ28,AX28,O28,BE28,BL28,BS28) -> 172 | CB28: =IFERROR(CA28/BZ28,"-") -> 0.91005291 | CC28: =SUM(BW28,BZ28) -> 397 | CD28: =SUM(BX28,CA28) -> 344 | CE28: =IFERROR(CD28/CC28,"-") -> 0.86649874 | CF28: 0 | CG28: 0 | CH28: =IFERROR(CG28/CF28,"-") -> - | CI28: 0 | CJ28: 0 | CK28: =IFERROR(CJ28/CI28,"-") -> - | CL28: 0 | CM28: 0 | CN28: =IFERROR(CM28/CL28,"-") -> - | CO28: 0 | CP28: 0 | CQ28: =IFERROR(CP28/CO28,"-") -> -
A29: 23 | B29: BANNERGHATTA ROAD | C29: DAY | D29: COED | E29: 43 | F29: 39 | G29: 0 | H29: 0 | I29: =SUM(E29,G29) -> 43 | J29: =SUM(F29,H29) -> 39 | K29: =IFERROR(J29/I29,"-") -> 0.90697674 | L29: 101 | M29: 93 | N29: 0 | O29: 0 | P29: =SUM(L29,N29) -> 101 | Q29: =SUM(M29,O29) -> 93 | R29: =IFERROR(Q29/P29,"-") -> 0.92079208 | S29: 0 | T29: 0 | U29: 0 | V29: 0 | W29: =SUM(S29,U29) -> 0 | X29: =SUM(T29,V29) -> 0 | Y29: =IFERROR(X29/W29,"-") -> - | Z29: 0 | AA29: 0 | AB29: 0 | AC29: 0 | AD29: =SUM(Z29,AB29) -> 0 | AE29: =SUM(AA29,AC29) -> 0 | AF29: =IFERROR(AE29/AD29,"-") -> - | AG29: 0 | AH29: 0 | AI29: 0 | AJ29: 0 | AK29: =SUM(AG29,AI29) -> 0 | AL29: =SUM(AH29,AJ29) -> 0 | AM29: =IFERROR(AL29/AK29,"-") -> - | AN29: 0 | AO29: 0 | AP29: 0 | AQ29: 0 | AR29: =SUM(AN29,AP29) -> 0 | AS29: =SUM(AO29,AQ29) -> 0 | AT29: =IFERROR(AS29/AR29,"-") -> - | AU29: 0 | AV29: 0 | AW29: 0 | AX29: 0 | AY29: =SUM(AU29,AW29) -> 0 | AZ29: =SUM(AV29,AX29) -> 0 | BA29: =IFERROR(AZ29/AY29,"-") -> - | BB29: 0 | BC29: 0 | BD29: 0 | BE29: 0 | BF29: =SUM(BB29,BD29) -> 0 | BG29: =SUM(BC29,BE29) -> 0 | BH29: =IFERROR(BG29/BF29,"-") -> - | BI29: 0 | BJ29: 0 | BK29: 0 | BL29: 0 | BM29: =SUM(BI29,BK29) -> 0 | BN29: =SUM(BJ29,BL29) -> 0 | BO29: =IFERROR(BN29/BM29,"-") -> - | BP29: 0 | BQ29: 0 | BR29: 0 | BS29: 0 | BT29: =SUM(BP29,BR29) -> 0 | BU29: =SUM(BQ29,BS29) -> 0 | BV29: =IFERROR(BU29/BT29,"-") -> - | BW29: =SUM(E29,S29,Z29,AG29,AN29,AU29,L29,BB29,BI29,BP29) -> 144 | BX29: =SUM(F29,T29,AA29,AH29,AO29,AV29,M29,BC29,BJ29,BQ29) -> 132 | BY29: =IFERROR(BX29/BW29,"-") -> 0.91666667 | BZ29: =SUM(G29,U29,AB29,AI29,AP29,AW29,N29,BD29,BK29,BR29) -> 0 | CA29: =SUM(H29,V29,AC29,AJ29,AQ29,AX29,O29,BE29,BL29,BS29) -> 0 | CB29: =IFERROR(CA29/BZ29,"-") -> - | CC29: =SUM(BW29,BZ29) -> 144 | CD29: =SUM(BX29,CA29) -> 132 | CE29: =IFERROR(CD29/CC29,"-") -> 0.91666667 | CF29: 31 | CG29: 0 | CH29: =IFERROR(CG29/CF29,"-") -> 0 | CI29: 33 | CJ29: 0 | CK29: % | CL29: 16 | CM29: 0 | CN29: =IFERROR(CM29/CL29,"-") -> 0 | CO29: 0 | CP29: 0 | CQ29: =IFERROR(CP29/CO29,"-") -> -
A30: 24 | B30: KORAMANGALA | C30: DAY | D30: COED | E30: 0 | F30: 0 | G30: 0 | H30: 0 | I30: =SUM(E30,G30) -> 0 | J30: =SUM(F30,H30) -> 0 | K30: =IFERROR(J30/I30,"-") -> - | L30: 0 | M30: 0 | N30: 0 | O30: 0 | P30: =SUM(L30,N30) -> 0 | Q30: =SUM(M30,O30) -> 0 | R30: =IFERROR(Q30/P30,"-") -> - | S30: 21 | T30: 19 | U30: 10 | V30: 9 | W30: =SUM(S30,U30) -> 31 | X30: =SUM(T30,V30) -> 28 | Y30: =IFERROR(X30/W30,"-") -> 0.90322581 | Z30: 0 | AA30: 0 | AB30: 0 | AC30: 0 | AD30: =SUM(Z30,AB30) -> 0 | AE30: =SUM(AA30,AC30) -> 0 | AF30: =IFERROR(AE30/AD30,"-") -> - | AG30: 23 | AH30: 20 | AI30: 67 | AJ30: 60 | AK30: =SUM(AG30,AI30) -> 90 | AL30: =SUM(AH30,AJ30) -> 80 | AM30: =IFERROR(AL30/AK30,"-") -> 0.88888889 | AN30: 12 | AO30: 10 | AP30: 35 | AQ30: 34 | AR30: =SUM(AN30,AP30) -> 47 | AS30: =SUM(AO30,AQ30) -> 44 | AT30: =IFERROR(AS30/AR30,"-") -> 0.93617021 | AU30: 31 | AV30: 29 | AW30: 20 | AX30: 16 | AY30: =SUM(AU30,AW30) -> 51 | AZ30: =SUM(AV30,AX30) -> 45 | BA30: =IFERROR(AZ30/AY30,"-") -> 0.88235294 | BB30: 0 | BC30: 0 | BD30: 0 | BE30: 0 | BF30: =SUM(BB30,BD30) -> 0 | BG30: =SUM(BC30,BE30) -> 0 | BH30: =IFERROR(BG30/BF30,"-") -> - | BI30: 0 | BJ30: 0 | BK30: 0 | BL30: 0 | BM30: =SUM(BI30,BK30) -> 0 | BN30: =SUM(BJ30,BL30) -> 0 | BO30: =IFERROR(BN30/BM30,"-") -> - | BP30: 20 | BQ30: 19 | BR30: 20 | BS30: 16 | BT30: =SUM(BP30,BR30) -> 40 | BU30: =SUM(BQ30,BS30) -> 35 | BV30: =IFERROR(BU30/BT30,"-") -> 0.875 | BW30: =SUM(E30,S30,Z30,AG30,AN30,AU30,L30,BB30,BI30,BP30) -> 107 | BX30: =SUM(F30,T30,AA30,AH30,AO30,AV30,M30,BC30,BJ30,BQ30) -> 97 | BY30: =IFERROR(BX30/BW30,"-") -> 0.90654206 | BZ30: =SUM(G30,U30,AB30,AI30,AP30,AW30,N30,BD30,BK30,BR30) -> 152 | CA30: =SUM(H30,V30,AC30,AJ30,AQ30,AX30,O30,BE30,BL30,BS30) -> 135 | CB30: =IFERROR(CA30/BZ30,"-") -> 0.88815789 | CC30: =SUM(BW30,BZ30) -> 259 | CD30: =SUM(BX30,CA30) -> 232 | CE30: =IFERROR(CD30/CC30,"-") -> 0.8957529 | CF30: 0 | CG30: 0 | CH30: =IFERROR(CG30/CF30,"-") -> - | CI30: 0 | CJ30: 0 | CK30: =IFERROR(CJ30/CI30,"-") -> - | CL30: 0 | CM30: 0 | CN30: =IFERROR(CM30/CL30,"-") -> - | CO30: 0 | CP30: 0 | CQ30: =IFERROR(CP30/CO30,"-") -> -
A31: 25 | B31: KANAKAPURA ROAD | C31: DAY | D31: COED | E31: 0 | F31: 0 | G31: 0 | H31: 0 | I31: =SUM(E31,G31) -> 0 | J31: =SUM(F31,H31) -> 0 | K31: =IFERROR(J31/I31,"-") -> - | L31: 0 | M31: 0 | N31: 0 | O31: 0 | P31: =SUM(L31,N31) -> 0 | Q31: =SUM(M31,O31) -> 0 | R31: =IFERROR(Q31/P31,"-") -> - | S31: 0 | T31: 0 | U31: 0 | V31: 0 | W31: =SUM(S31,U31) -> 0 | X31: =SUM(T31,V31) -> 0 | Y31: =IFERROR(X31/W31,"-") -> - | Z31: 0 | AA31: 0 | AB31: 0 | AC31: 0 | AD31: =SUM(Z31,AB31) -> 0 | AE31: =SUM(AA31,AC31) -> 0 | AF31: =IFERROR(AE31/AD31,"-") -> - | AG31: 9 | AH31: 9 | AI31: 21 | AJ31: 18 | AK31: =SUM(AG31,AI31) -> 30 | AL31: =SUM(AH31,AJ31) -> 27 | AM31: =IFERROR(AL31/AK31,"-") -> 0.9 | AN31: 0 | AO31: 0 | AP31: 41 | AQ31: 31 | AR31: =SUM(AN31,AP31) -> 41 | AS31: =SUM(AO31,AQ31) -> 31 | AT31: =IFERROR(AS31/AR31,"-") -> 0.75609756 | AU31: 0 | AV31: 0 | AW31: 0 | AX31: 0 | AY31: =SUM(AU31,AW31) -> 0 | AZ31: =SUM(AV31,AX31) -> 0 | BA31: =IFERROR(AZ31/AY31,"-") -> - | BB31: 0 | BC31: 0 | BD31: 0 | BE31: 0 | BF31: =SUM(BB31,BD31) -> 0 | BG31: =SUM(BC31,BE31) -> 0 | BH31: =IFERROR(BG31/BF31,"-") -> - | BI31: 0 | BJ31: 0 | BK31: 0 | BL31: 0 | BM31: =SUM(BI31,BK31) -> 0 | BN31: =SUM(BJ31,BL31) -> 0 | BO31: =IFERROR(BN31/BM31,"-") -> - | BP31: 6 | BQ31: 5 | BR31: 16 | BS31: 14 | BT31: =SUM(BP31,BR31) -> 22 | BU31: =SUM(BQ31,BS31) -> 19 | BV31: =IFERROR(BU31/BT31,"-") -> 0.86363636 | BW31: =SUM(E31,S31,Z31,AG31,AN31,AU31,L31,BB31,BI31,BP31) -> 15 | BX31: =SUM(F31,T31,AA31,AH31,AO31,AV31,M31,BC31,BJ31,BQ31) -> 14 | BY31: =IFERROR(BX31/BW31,"-") -> 0.93333333 | BZ31: =SUM(G31,U31,AB31,AI31,AP31,AW31,N31,BD31,BK31,BR31) -> 78 | CA31: =SUM(H31,V31,AC31,AJ31,AQ31,AX31,O31,BE31,BL31,BS31) -> 63 | CB31: =IFERROR(CA31/BZ31,"-") -> 0.80769231 | CC31: =SUM(BW31,BZ31) -> 93 | CD31: =SUM(BX31,CA31) -> 77 | CE31: =IFERROR(CD31/CC31,"-") -> 0.82795699 | CF31: 0 | CG31: 0 | CH31: =IFERROR(CG31/CF31,"-") -> - | CI31: 0 | CJ31: 0 | CK31: =IFERROR(CJ31/CI31,"-") -> - | CL31: 0 | CM31: 0 | CN31: =IFERROR(CM31/CL31,"-") -> - | CO31: 0 | CP31: 0 | CQ31: =IFERROR(CP31/CO31,"-") -> -
A32: 26 | B32: MANGALORE | C32: DAY | D32: COED | E32: 0 | F32: 0 | G32: 0 | H32: 0 | I32: =SUM(E32,G32) -> 0 | J32: =SUM(F32,H32) -> 0 | K32: =IFERROR(J32/I32,"-") -> - | L32: 0 | M32: 0 | N32: 0 | O32: 0 | P32: =SUM(L32,N32) -> 0 | Q32: =SUM(M32,O32) -> 0 | R32: =IFERROR(Q32/P32,"-") -> - | S32: 0 | T32: 0 | U32: 0 | V32: 0 | W32: =SUM(S32,U32) -> 0 | X32: =SUM(T32,V32) -> 0 | Y32: =IFERROR(X32/W32,"-") -> - | Z32: 0 | AA32: 0 | AB32: 0 | AC32: 0 | AD32: =SUM(Z32,AB32) -> 0 | AE32: =SUM(AA32,AC32) -> 0 | AF32: =IFERROR(AE32/AD32,"-") -> - | AG32: 6 | AH32: 4 | AI32: 22 | AJ32: 18 | AK32: =SUM(AG32,AI32) -> 28 | AL32: =SUM(AH32,AJ32) -> 22 | AM32: =IFERROR(AL32/AK32,"-") -> 0.78571429 | AN32: 0 | AO32: 0 | AP32: 0 | AQ32: 0 | AR32: =SUM(AN32,AP32) -> 0 | AS32: =SUM(AO32,AQ32) -> 0 | AT32: =IFERROR(AS32/AR32,"-") -> - | AU32: 0 | AV32: 0 | AW32: 0 | AX32: 0 | AY32: =SUM(AU32,AW32) -> 0 | AZ32: =SUM(AV32,AX32) -> 0 | BA32: =IFERROR(AZ32/AY32,"-") -> - | BB32: 0 | BC32: 0 | BD32: 0 | BE32: 0 | BF32: =SUM(BB32,BD32) -> 0 | BG32: =SUM(BC32,BE32) -> 0 | BH32: =IFERROR(BG32/BF32,"-") -> - | BI32: 0 | BJ32: 0 | BK32: 0 | BL32: 0 | BM32: =SUM(BI32,BK32) -> 0 | BN32: =SUM(BJ32,BL32) -> 0 | BO32: =IFERROR(BN32/BM32,"-") -> - | BP32: 10 | BQ32: 9 | BR32: 33 | BS32: 29 | BT32: =SUM(BP32,BR32) -> 43 | BU32: =SUM(BQ32,BS32) -> 38 | BV32: =IFERROR(BU32/BT32,"-") -> 0.88372093 | BW32: =SUM(E32,S32,Z32,AG32,AN32,AU32,L32,BB32,BI32,BP32) -> 16 | BX32: =SUM(F32,T32,AA32,AH32,AO32,AV32,M32,BC32,BJ32,BQ32) -> 13 | BY32: =IFERROR(BX32/BW32,"-") -> 0.8125 | BZ32: =SUM(G32,U32,AB32,AI32,AP32,AW32,N32,BD32,BK32,BR32) -> 55 | CA32: =SUM(H32,V32,AC32,AJ32,AQ32,AX32,O32,BE32,BL32,BS32) -> 47 | CB32: =IFERROR(CA32/BZ32,"-") -> 0.85454545 | CC32: =SUM(BW32,BZ32) -> 71 | CD32: =SUM(BX32,CA32) -> 60 | CE32: =IFERROR(CD32/CC32,"-") -> 0.84507042 | CF32: 0 | CG32: 0 | CH32: =IFERROR(CG32/CF32,"-") -> - | CI32: 0 | CJ32: 0 | CK32: =IFERROR(CJ32/CI32,"-") -> - | CL32: 0 | CM32: 0 | CN32: =IFERROR(CM32/CL32,"-") -> - | CO32: 0 | CP32: 0 | CQ32: =IFERROR(CP32/CO32,"-") -> -
A33: 27 | B33: TUMKUR | C33: DAY | D33: COED | E33: 0 | F33: 0 | G33: 0 | H33: 0 | I33: =SUM(E33,G33) -> 0 | J33: =SUM(F33,H33) -> 0 | K33: =IFERROR(J33/I33,"-") -> - | L33: 6 | M33: 5 | N33: 38 | O33: 35 | P33: =SUM(L33,N33) -> 44 | Q33: =SUM(M33,O33) -> 40 | R33: =IFERROR(Q33/P33,"-") -> 0.90909091 | S33: 0 | T33: 0 | U33: 0 | V33: 0 | W33: =SUM(S33,U33) -> 0 | X33: =SUM(T33,V33) -> 0 | Y33: =IFERROR(X33/W33,"-") -> - | Z33: 0 | AA33: 0 | AB33: 0 | AC33: 0 | AD33: =SUM(Z33,AB33) -> 0 | AE33: =SUM(AA33,AC33) -> 0 | AF33: =IFERROR(AE33/AD33,"-") -> - | AG33: 10 | AH33: 7 | AI33: 79 | AJ33: 74 | AK33: =SUM(AG33,AI33) -> 89 | AL33: =SUM(AH33,AJ33) -> 81 | AM33: =IFERROR(AL33/AK33,"-") -> 0.91011236 | AN33: 0 | AO33: 0 | AP33: 38 | AQ33: 32 | AR33: =SUM(AN33,AP33) -> 38 | AS33: =SUM(AO33,AQ33) -> 32 | AT33: =IFERROR(AS33/AR33,"-") -> 0.84210526 | AU33: 10 | AV33: 7 | AW33: 67 | AX33: 62 | AY33: =SUM(AU33,AW33) -> 77 | AZ33: =SUM(AV33,AX33) -> 69 | BA33: =IFERROR(AZ33/AY33,"-") -> 0.8961039 | BB33: 0 | BC33: 0 | BD33: 0 | BE33: 0 | BF33: =SUM(BB33,BD33) -> 0 | BG33: =SUM(BC33,BE33) -> 0 | BH33: =IFERROR(BG33/BF33,"-") -> - | BI33: 0 | BJ33: 0 | BK33: 0 | BL33: 0 | BM33: =SUM(BI33,BK33) -> 0 | BN33: =SUM(BJ33,BL33) -> 0 | BO33: =IFERROR(BN33/BM33,"-") -> - | BP33: 12 | BQ33: 8 | BR33: 106 | BS33: 98 | BT33: =SUM(BP33,BR33) -> 118 | BU33: =SUM(BQ33,BS33) -> 106 | BV33: =IFERROR(BU33/BT33,"-") -> 0.89830508 | BW33: =SUM(E33,S33,Z33,AG33,AN33,AU33,L33,BB33,BI33,BP33) -> 38 | BX33: =SUM(F33,T33,AA33,AH33,AO33,AV33,M33,BC33,BJ33,BQ33) -> 27 | BY33: =IFERROR(BX33/BW33,"-") -> 0.71052632 | BZ33: =SUM(G33,U33,AB33,AI33,AP33,AW33,N33,BD33,BK33,BR33) -> 328 | CA33: =SUM(H33,V33,AC33,AJ33,AQ33,AX33,O33,BE33,BL33,BS33) -> 301 | CB33: =IFERROR(CA33/BZ33,"-") -> 0.91768293 | CC33: =SUM(BW33,BZ33) -> 366 | CD33: =SUM(BX33,CA33) -> 328 | CE33: =IFERROR(CD33/CC33,"-") -> 0.89617486 | CF33: 27 | CG33: 20 | CH33: =IFERROR(CG33/CF33,"-") -> 0.74074074 | CI33: 35 | CJ33: 29 | CK33: =IFERROR(CJ33/CI33,"-") -> 0.82857143 | CL33: 40 | CM33: 32 | CN33: =IFERROR(CM33/CL33,"-") -> 0.8 | CO33: 33 | CP33: 0 | CQ33: =IFERROR(CP33/CO33,"-") -> 0
A34: 28 | B34: MANDYA | C34: DAY | D34: COED | E34: 0 | F34: 0 | G34: 0 | H34: 0 | I34: =SUM(E34,G34) -> 0 | J34: =SUM(F34,H34) -> 0 | K34: =IFERROR(J34/I34,"-") -> - | L34: 0 | M34: 0 | N34: 0 | O34: 0 | P34: =SUM(L34,N34) -> 0 | Q34: =SUM(M34,O34) -> 0 | R34: =IFERROR(Q34/P34,"-") -> - | S34: 14 | T34: 12 | U34: 25 | V34: 25 | W34: =SUM(S34,U34) -> 39 | X34: =SUM(T34,V34) -> 37 | Y34: =IFERROR(X34/W34,"-") -> 0.94871795 | Z34: 0 | AA34: 0 | AB34: 0 | AC34: 0 | AD34: =SUM(Z34,AB34) -> 0 | AE34: =SUM(AA34,AC34) -> 0 | AF34: =IFERROR(AE34/AD34,"-") -> - | AG34: 0 | AH34: 0 | AI34: 0 | AJ34: 0 | AK34: =SUM(AG34,AI34) -> 0 | AL34: =SUM(AH34,AJ34) -> 0 | AM34: =IFERROR(AL34/AK34,"-") -> - | AN34: 0 | AO34: 0 | AP34: 56 | AQ34: 50 | AR34: =SUM(AN34,AP34) -> 56 | AS34: =SUM(AO34,AQ34) -> 50 | AT34: =IFERROR(AS34/AR34,"-") -> 0.89285714 | AU34: 11 | AV34: 7 | AW34: 40 | AX34: 35 | AY34: =SUM(AU34,AW34) -> 51 | AZ34: =SUM(AV34,AX34) -> 42 | BA34: =IFERROR(AZ34/AY34,"-") -> 0.82352941 | BB34: 0 | BC34: 0 | BD34: 0 | BE34: 0 | BF34: =SUM(BB34,BD34) -> 0 | BG34: =SUM(BC34,BE34) -> 0 | BH34: =IFERROR(BG34/BF34,"-") -> - | BI34: 0 | BJ34: 0 | BK34: 59 | BL34: 51 | BM34: =SUM(BI34,BK34) -> 59 | BN34: =SUM(BJ34,BL34) -> 51 | BO34: =IFERROR(BN34/BM34,"-") -> 0.86440678 | BP34: 0 | BQ34: 0 | BR34: 62 | BS34: 59 | BT34: =SUM(BP34,BR34) -> 62 | BU34: =SUM(BQ34,BS34) -> 59 | BV34: =IFERROR(BU34/BT34,"-") -> 0.9516129 | BW34: =SUM(E34,S34,Z34,AG34,AN34,AU34,L34,BB34,BI34,BP34) -> 25 | BX34: =SUM(F34,T34,AA34,AH34,AO34,AV34,M34,BC34,BJ34,BQ34) -> 19 | BY34: =IFERROR(BX34/BW34,"-") -> 0.76 | BZ34: =SUM(G34,U34,AB34,AI34,AP34,AW34,N34,BD34,BK34,BR34) -> 242 | CA34: =SUM(H34,V34,AC34,AJ34,AQ34,AX34,O34,BE34,BL34,BS34) -> 220 | CB34: =IFERROR(CA34/BZ34,"-") -> 0.90909091 | CC34: =SUM(BW34,BZ34) -> 267 | CD34: =SUM(BX34,CA34) -> 239 | CE34: =IFERROR(CD34/CC34,"-") -> 0.89513109 | CF34: 0 | CG34: 0 | CH34: =IFERROR(CG34/CF34,"-") -> - | CI34: 0 | CJ34: 0 | CK34: =IFERROR(CJ34/CI34,"-") -> - | CL34: 0 | CM34: 0 | CN34: =IFERROR(CM34/CL34,"-") -> - | CO34: 0 | CP34: 0 | CQ34: =IFERROR(CP34/CO34,"-") -> -
A35: 29 | B35: MYSORE | C35: DAY | D35: COED | E35: 0 | F35: 0 | G35: 0 | H35: 0 | I35: =SUM(E35,G35) -> 0 | J35: =SUM(F35,H35) -> 0 | K35: =IFERROR(J35/I35,"-") -> - | L35: 0 | M35: 0 | N35: 0 | O35: 0 | P35: =SUM(L35,N35) -> 0 | Q35: =SUM(M35,O35) -> 0 | R35: =IFERROR(Q35/P35,"-") -> - | S35: 0 | T35: 0 | U35: 14 | V35: 14 | W35: =SUM(S35,U35) -> 14 | X35: =SUM(T35,V35) -> 14 | Y35: =IFERROR(X35/W35,"-") -> 1 | Z35: 0 | AA35: 0 | AB35: 0 | AC35: 0 | AD35: =SUM(Z35,AB35) -> 0 | AE35: =SUM(AA35,AC35) -> 0 | AF35: =IFERROR(AE35/AD35,"-") -> - | AG35: 0 | AH35: 0 | AI35: 0 | AJ35: 0 | AK35: =SUM(AG35,AI35) -> 0 | AL35: =SUM(AH35,AJ35) -> 0 | AM35: =IFERROR(AL35/AK35,"-") -> - | AN35: 0 | AO35: 0 | AP35: 61 | AQ35: 44 | AR35: =SUM(AN35,AP35) -> 61 | AS35: =SUM(AO35,AQ35) -> 44 | AT35: =IFERROR(AS35/AR35,"-") -> 0.72131148 | AU35: 0 | AV35: 0 | AW35: 0 | AX35: 0 | AY35: =SUM(AU35,AW35) -> 0 | AZ35: =SUM(AV35,AX35) -> 0 | BA35: =IFERROR(AZ35/AY35,"-") -> - | BB35: 0 | BC35: 0 | BD35: 35 | BE35: 33 | BF35: =SUM(BB35,BD35) -> 35 | BG35: =SUM(BC35,BE35) -> 33 | BH35: =IFERROR(BG35/BF35,"-") -> 0.94285714 | BI35: 0 | BJ35: 0 | BK35: 60 | BL35: 43 | BM35: =SUM(BI35,BK35) -> 60 | BN35: =SUM(BJ35,BL35) -> 43 | BO35: =IFERROR(BN35/BM35,"-") -> 0.71666667 | BP35: 0 | BQ35: 0 | BR35: 0 | BS35: 0 | BT35: =SUM(BP35,BR35) -> 0 | BU35: =SUM(BQ35,BS35) -> 0 | BV35: =IFERROR(BU35/BT35,"-") -> - | BW35: =SUM(E35,S35,Z35,AG35,AN35,AU35,L35,BB35,BI35,BP35) -> 0 | BX35: =SUM(F35,T35,AA35,AH35,AO35,AV35,M35,BC35,BJ35,BQ35) -> 0 | BY35: =IFERROR(BX35/BW35,"-") -> - | BZ35: =SUM(G35,U35,AB35,AI35,AP35,AW35,N35,BD35,BK35,BR35) -> 170 | CA35: =SUM(H35,V35,AC35,AJ35,AQ35,AX35,O35,BE35,BL35,BS35) -> 134 | CB35: =IFERROR(CA35/BZ35,"-") -> 0.78823529 | CC35: =SUM(BW35,BZ35) -> 170 | CD35: =SUM(BX35,CA35) -> 134 | CE35: =IFERROR(CD35/CC35,"-") -> 0.78823529 | CF35: 0 | CG35: 0 | CH35: =IFERROR(CG35/CF35,"-") -> - | CI35: 0 | CJ35: 0 | CK35: =IFERROR(CJ35/CI35,"-") -> - | CL35: 0 | CM35: 0 | CN35: =IFERROR(CM35/CL35,"-") -> - | CO35: 0 | CP35: 0 | CQ35: =IFERROR(CP35/CO35,"-") -> -
A36: 30 | B36: DR BS RAO VIDYASOUDHA MYSORE | C36: DAY | D36: COED | E36: 0 | F36: 0 | G36: 0 | H36: 0 | I36: =SUM(E36,G36) -> 0 | J36: =SUM(F36,H36) -> 0 | K36: =IFERROR(J36/I36,"-") -> - | L36: 0 | M36: 0 | N36: 0 | O36: 0 | P36: =SUM(L36,N36) -> 0 | Q36: =SUM(M36,O36) -> 0 | R36: =IFERROR(Q36/P36,"-") -> - | S36: 0 | T36: 0 | U36: 0 | V36: 0 | W36: =SUM(S36,U36) -> 0 | X36: =SUM(T36,V36) -> 0 | Y36: =IFERROR(X36/W36,"-") -> - | Z36: 0 | AA36: 0 | AB36: 0 | AC36: 0 | AD36: =SUM(Z36,AB36) -> 0 | AE36: =SUM(AA36,AC36) -> 0 | AF36: =IFERROR(AE36/AD36,"-") -> - | AG36: 0 | AH36: 0 | AI36: 28 | AJ36: 26 | AK36: =SUM(AG36,AI36) -> 28 | AL36: =SUM(AH36,AJ36) -> 26 | AM36: =IFERROR(AL36/AK36,"-") -> 0.92857143 | AN36: 0 | AO36: 0 | AP36: 53 | AQ36: 40 | AR36: =SUM(AN36,AP36) -> 53 | AS36: =SUM(AO36,AQ36) -> 40 | AT36: =IFERROR(AS36/AR36,"-") -> 0.75471698 | AU36: 0 | AV36: 0 | AW36: 0 | AX36: 0 | AY36: =SUM(AU36,AW36) -> 0 | AZ36: =SUM(AV36,AX36) -> 0 | BA36: =IFERROR(AZ36/AY36,"-") -> - | BB36: 0 | BC36: 0 | BD36: 56 | BE36: 52 | BF36: =SUM(BB36,BD36) -> 56 | BG36: =SUM(BC36,BE36) -> 52 | BH36: =IFERROR(BG36/BF36,"-") -> 0.92857143 | BI36: 0 | BJ36: 0 | BK36: 0 | BL36: 0 | BM36: =SUM(BI36,BK36) -> 0 | BN36: =SUM(BJ36,BL36) -> 0 | BO36: =IFERROR(BN36/BM36,"-") -> - | BP36: 0 | BQ36: 0 | BR36: 0 | BS36: 0 | BT36: =SUM(BP36,BR36) -> 0 | BU36: =SUM(BQ36,BS36) -> 0 | BV36: =IFERROR(BU36/BT36,"-") -> - | BW36: =SUM(E36,S36,Z36,AG36,AN36,AU36,L36,BB36,BI36,BP36) -> 0 | BX36: =SUM(F36,T36,AA36,AH36,AO36,AV36,M36,BC36,BJ36,BQ36) -> 0 | BY36: =IFERROR(BX36/BW36,"-") -> - | BZ36: =SUM(G36,U36,AB36,AI36,AP36,AW36,N36,BD36,BK36,BR36) -> 137 | CA36: =SUM(H36,V36,AC36,AJ36,AQ36,AX36,O36,BE36,BL36,BS36) -> 118 | CB36: =IFERROR(CA36/BZ36,"-") -> 0.86131387 | CC36: =SUM(BW36,BZ36) -> 137 | CD36: =SUM(BX36,CA36) -> 118 | CE36: =IFERROR(CD36/CC36,"-") -> 0.86131387 | CF36: 0 | CG36: 0 | CH36: =IFERROR(CG36/CF36,"-") -> - | CI36: 0 | CJ36: 0 | CK36: =IFERROR(CJ36/CI36,"-") -> - | CL36: 0 | CM36: 0 | CN36: =IFERROR(CM36/CL36,"-") -> - | CO36: 0 | CP36: 0 | CQ36: =IFERROR(CP36/CO36,"-") -> -
A37: 31 | B37: HUBLI 2 | C37: DAY | D37: COED | E37: 0 | F37: 0 | G37: 0 | H37: 0 | I37: =SUM(E37,G37) -> 0 | J37: =SUM(F37,H37) -> 0 | K37: =IFERROR(J37/I37,"-") -> - | L37: 0 | M37: 0 | N37: 0 | O37: 0 | P37: =SUM(L37,N37) -> 0 | Q37: =SUM(M37,O37) -> 0 | R37: =IFERROR(Q37/P37,"-") -> - | S37: 16 | T37: 15 | U37: 29 | V37: 28 | W37: =SUM(S37,U37) -> 45 | X37: =SUM(T37,V37) -> 43 | Y37: =IFERROR(X37/W37,"-") -> 0.95555556 | Z37: 0 | AA37: 0 | AB37: 0 | AC37: 0 | AD37: =SUM(Z37,AB37) -> 0 | AE37: =SUM(AA37,AC37) -> 0 | AF37: =IFERROR(AE37/AD37,"-") -> - | AG37: 0 | AH37: 0 | AI37: 0 | AJ37: 0 | AK37: =SUM(AG37,AI37) -> 0 | AL37: =SUM(AH37,AJ37) -> 0 | AM37: =IFERROR(AL37/AK37,"-") -> - | AN37: 0 | AO37: 0 | AP37: 63 | AQ37: 61 | AR37: =SUM(AN37,AP37) -> 63 | AS37: =SUM(AO37,AQ37) -> 61 | AT37: =IFERROR(AS37/AR37,"-") -> 0.96825397 | AU37: 0 | AV37: 0 | AW37: 0 | AX37: 0 | AY37: =SUM(AU37,AW37) -> 0 | AZ37: =SUM(AV37,AX37) -> 0 | BA37: =IFERROR(AZ37/AY37,"-") -> - | BB37: 23 | BC37: 21 | BD37: 18 | BE37: 18 | BF37: =SUM(BB37,BD37) -> 41 | BG37: =SUM(BC37,BE37) -> 39 | BH37: =IFERROR(BG37/BF37,"-") -> 0.95121951 | BI37: 2 | BJ37: 2 | BK37: 39 | BL37: 31 | BM37: =SUM(BI37,BK37) -> 41 | BN37: =SUM(BJ37,BL37) -> 33 | BO37: =IFERROR(BN37/BM37,"-") -> 0.80487805 | BP37: 7 | BQ37: 7 | BR37: 20 | BS37: 18 | BT37: =SUM(BP37,BR37) -> 27 | BU37: =SUM(BQ37,BS37) -> 25 | BV37: =IFERROR(BU37/BT37,"-") -> 0.92592593 | BW37: =SUM(E37,S37,Z37,AG37,AN37,AU37,L37,BB37,BI37,BP37) -> 48 | BX37: =SUM(F37,T37,AA37,AH37,AO37,AV37,M37,BC37,BJ37,BQ37) -> 45 | BY37: =IFERROR(BX37/BW37,"-") -> 0.9375 | BZ37: =SUM(G37,U37,AB37,AI37,AP37,AW37,N37,BD37,BK37,BR37) -> 169 | CA37: =SUM(H37,V37,AC37,AJ37,AQ37,AX37,O37,BE37,BL37,BS37) -> 156 | CB37: =IFERROR(CA37/BZ37,"-") -> 0.92307692 | CC37: =SUM(BW37,BZ37) -> 217 | CD37: =SUM(BX37,CA37) -> 201 | CE37: =IFERROR(CD37/CC37,"-") -> 0.92626728 | CF37: 0 | CG37: 0 | CH37: =IFERROR(CG37/CF37,"-") -> - | CI37: 0 | CJ37: 0 | CK37: =IFERROR(CJ37/CI37,"-") -> - | CL37: 0 | CM37: 0 | CN37: =IFERROR(CM37/CL37,"-") -> - | CO37: 0 | CP37: 0 | CQ37: =IFERROR(CP37/CO37,"-") -> -
A38: 32 | B38: DAVANAGERE | C38: DAY | D38: COED | E38: 0 | F38: 0 | G38: 0 | H38: 0 | I38: =SUM(E38,G38) -> 0 | J38: =SUM(F38,H38) -> 0 | K38: =IFERROR(J38/I38,"-") -> - | L38: 0 | M38: 0 | N38: 0 | O38: 0 | P38: =SUM(L38,N38) -> 0 | Q38: =SUM(M38,O38) -> 0 | R38: =IFERROR(Q38/P38,"-") -> - | S38: 0 | T38: 0 | U38: 0 | V38: 0 | W38: =SUM(S38,U38) -> 0 | X38: =SUM(T38,V38) -> 0 | Y38: =IFERROR(X38/W38,"-") -> - | Z38: 0 | AA38: 0 | AB38: 0 | AC38: 0 | AD38: =SUM(Z38,AB38) -> 0 | AE38: =SUM(AA38,AC38) -> 0 | AF38: =IFERROR(AE38/AD38,"-") -> - | AG38: 0 | AH38: 0 | AI38: 0 | AJ38: 0 | AK38: =SUM(AG38,AI38) -> 0 | AL38: =SUM(AH38,AJ38) -> 0 | AM38: =IFERROR(AL38/AK38,"-") -> - | AN38: 0 | AO38: 0 | AP38: 0 | AQ38: 0 | AR38: =SUM(AN38,AP38) -> 0 | AS38: =SUM(AO38,AQ38) -> 0 | AT38: =IFERROR(AS38/AR38,"-") -> - | AU38: 0 | AV38: 0 | AW38: 0 | AX38: 0 | AY38: =SUM(AU38,AW38) -> 0 | AZ38: =SUM(AV38,AX38) -> 0 | BA38: =IFERROR(AZ38/AY38,"-") -> - | BB38: 0 | BC38: 0 | BD38: 0 | BE38: 0 | BF38: =SUM(BB38,BD38) -> 0 | BG38: =SUM(BC38,BE38) -> 0 | BH38: =IFERROR(BG38/BF38,"-") -> - | BI38: 0 | BJ38: 0 | BK38: 0 | BL38: 0 | BM38: =SUM(BI38,BK38) -> 0 | BN38: =SUM(BJ38,BL38) -> 0 | BO38: =IFERROR(BN38/BM38,"-") -> - | BP38: 0 | BQ38: 0 | BR38: 0 | BS38: 0 | BT38: =SUM(BP38,BR38) -> 0 | BU38: =SUM(BQ38,BS38) -> 0 | BV38: =IFERROR(BU38/BT38,"-") -> - | BW38: =SUM(E38,S38,Z38,AG38,AN38,AU38,L38,BB38,BI38,BP38) -> 0 | BX38: =SUM(F38,T38,AA38,AH38,AO38,AV38,M38,BC38,BJ38,BQ38) -> 0 | BY38: =IFERROR(BX38/BW38,"-") -> - | BZ38: =SUM(G38,U38,AB38,AI38,AP38,AW38,N38,BD38,BK38,BR38) -> 0 | CA38: =SUM(H38,V38,AC38,AJ38,AQ38,AX38,O38,BE38,BL38,BS38) -> 0 | CB38: =IFERROR(CA38/BZ38,"-") -> - | CC38: =SUM(BW38,BZ38) -> 0 | CD38: =SUM(BX38,CA38) -> 0 | CE38: =IFERROR(CD38/CC38,"-") -> - | CF38: 0 | CG38: 0 | CH38: =IFERROR(CG38/CF38,"-") -> - | CI38: 0 | CJ38: 0 | CK38: =IFERROR(CJ38/CI38,"-") -> - | CL38: 0 | CM38: 0 | CN38: =IFERROR(CM38/CL38,"-") -> - | CO38: 0 | CP38: 0 | CQ38: =IFERROR(CP38/CO38,"-") -> -
A39: 33 | B39: DAVANAGERE 2 | C39: DAY | D39: COED | E39: 0 | F39: 0 | G39: 0 | H39: 0 | I39: =SUM(E39,G39) -> 0 | J39: =SUM(F39,H39) -> 0 | K39: =IFERROR(J39/I39,"-") -> - | L39: 0 | M39: 0 | N39: 0 | O39: 0 | P39: =SUM(L39,N39) -> 0 | Q39: =SUM(M39,O39) -> 0 | R39: =IFERROR(Q39/P39,"-") -> - | S39: 0 | T39: 0 | U39: 14 | V39: 13 | W39: =SUM(S39,U39) -> 14 | X39: =SUM(T39,V39) -> 13 | Y39: =IFERROR(X39/W39,"-") -> 0.92857143 | Z39: 0 | AA39: 0 | AB39: 0 | AC39: 0 | AD39: =SUM(Z39,AB39) -> 0 | AE39: =SUM(AA39,AC39) -> 0 | AF39: =IFERROR(AE39/AD39,"-") -> - | AG39: 0 | AH39: 0 | AI39: 43 | AJ39: 40 | AK39: =SUM(AG39,AI39) -> 43 | AL39: =SUM(AH39,AJ39) -> 40 | AM39: =IFERROR(AL39/AK39,"-") -> 0.93023256 | AN39: 0 | AO39: 0 | AP39: 67 | AQ39: 64 | AR39: =SUM(AN39,AP39) -> 67 | AS39: =SUM(AO39,AQ39) -> 64 | AT39: =IFERROR(AS39/AR39,"-") -> 0.95522388 | AU39: 0 | AV39: 0 | AW39: 32 | AX39: 31 | AY39: =SUM(AU39,AW39) -> 32 | AZ39: =SUM(AV39,AX39) -> 31 | BA39: =IFERROR(AZ39/AY39,"-") -> 0.96875 | BB39: 0 | BC39: 0 | BD39: 56 | BE39: 50 | BF39: =SUM(BB39,BD39) -> 56 | BG39: =SUM(BC39,BE39) -> 50 | BH39: =IFERROR(BG39/BF39,"-") -> 0.89285714 | BI39: 0 | BJ39: 0 | BK39: 49 | BL39: 44 | BM39: =SUM(BI39,BK39) -> 49 | BN39: =SUM(BJ39,BL39) -> 44 | BO39: =IFERROR(BN39/BM39,"-") -> 0.89795918 | BP39: 0 | BQ39: 0 | BR39: 49 | BS39: 47 | BT39: =SUM(BP39,BR39) -> 49 | BU39: =SUM(BQ39,BS39) -> 47 | BV39: =IFERROR(BU39/BT39,"-") -> 0.95918367 | BW39: =SUM(E39,S39,Z39,AG39,AN39,AU39,L39,BB39,BI39,BP39) -> 0 | BX39: =SUM(F39,T39,AA39,AH39,AO39,AV39,M39,BC39,BJ39,BQ39) -> 0 | BY39: =IFERROR(BX39/BW39,"-") -> - | BZ39: =SUM(G39,U39,AB39,AI39,AP39,AW39,N39,BD39,BK39,BR39) -> 310 | CA39: =SUM(H39,V39,AC39,AJ39,AQ39,AX39,O39,BE39,BL39,BS39) -> 289 | CB39: =IFERROR(CA39/BZ39,"-") -> 0.93225806 | CC39: =SUM(BW39,BZ39) -> 310 | CD39: =SUM(BX39,CA39) -> 289 | CE39: =IFERROR(CD39/CC39,"-") -> 0.93225806 | CF39: 0 | CG39: 0 | CH39: =IFERROR(CG39/CF39,"-") -> - | CI39: 0 | CJ39: 0 | CK39: =IFERROR(CJ39/CI39,"-") -> - | CL39: 0 | CM39: 0 | CN39: =IFERROR(CM39/CL39,"-") -> - | CO39: 0 | CP39: 0 | CQ39: =IFERROR(CP39/CO39,"-") -> -
A40: 34 | B40: BALLARI GIRLS | C40: RESI. | D40: GIRLS | E40: 0 | F40: 0 | G40: 0 | H40: 0 | I40: =SUM(E40,G40) -> 0 | J40: =SUM(F40,H40) -> 0 | K40: =IFERROR(J40/I40,"-") -> - | L40: 0 | M40: 0 | N40: 0 | O40: 0 | P40: =SUM(L40,N40) -> 0 | Q40: =SUM(M40,O40) -> 0 | R40: =IFERROR(Q40/P40,"-") -> - | S40: 11 | T40: 11 | U40: 7 | V40: 5 | W40: =SUM(S40,U40) -> 18 | X40: =SUM(T40,V40) -> 16 | Y40: =IFERROR(X40/W40,"-") -> 0.88888889 | Z40: 0 | AA40: 0 | AB40: 0 | AC40: 0 | AD40: =SUM(Z40,AB40) -> 0 | AE40: =SUM(AA40,AC40) -> 0 | AF40: =IFERROR(AE40/AD40,"-") -> - | AG40: 0 | AH40: 0 | AI40: 0 | AJ40: 0 | AK40: =SUM(AG40,AI40) -> 0 | AL40: =SUM(AH40,AJ40) -> 0 | AM40: =IFERROR(AL40/AK40,"-") -> - | AN40: 3 | AO40: 3 | AP40: 41 | AQ40: 25 | AR40: =SUM(AN40,AP40) -> 44 | AS40: =SUM(AO40,AQ40) -> 28 | AT40: =IFERROR(AS40/AR40,"-") -> 0.63636364 | AU40: 5 | AV40: 5 | AW40: 31 | AX40: 31 | AY40: =SUM(AU40,AW40) -> 36 | AZ40: =SUM(AV40,AX40) -> 36 | BA40: =IFERROR(AZ40/AY40,"-") -> 1 | BB40: 7 | BC40: 7 | BD40: 56 | BE40: 52 | BF40: =SUM(BB40,BD40) -> 63 | BG40: =SUM(BC40,BE40) -> 59 | BH40: =IFERROR(BG40/BF40,"-") -> 0.93650794 | BI40: 0 | BJ40: 0 | BK40: 0 | BL40: 0 | BM40: =SUM(BI40,BK40) -> 0 | BN40: =SUM(BJ40,BL40) -> 0 | BO40: =IFERROR(BN40/BM40,"-") -> - | BP40: 0 | BQ40: 0 | BR40: 0 | BS40: 0 | BT40: =SUM(BP40,BR40) -> 0 | BU40: =SUM(BQ40,BS40) -> 0 | BV40: =IFERROR(BU40/BT40,"-") -> - | BW40: =SUM(E40,S40,Z40,AG40,AN40,AU40,L40,BB40,BI40,BP40) -> 26 | BX40: =SUM(F40,T40,AA40,AH40,AO40,AV40,M40,BC40,BJ40,BQ40) -> 26 | BY40: =IFERROR(BX40/BW40,"-") -> 1 | BZ40: =SUM(G40,U40,AB40,AI40,AP40,AW40,N40,BD40,BK40,BR40) -> 135 | CA40: =SUM(H40,V40,AC40,AJ40,AQ40,AX40,O40,BE40,BL40,BS40) -> 113 | CB40: =IFERROR(CA40/BZ40,"-") -> 0.83703704 | CC40: =SUM(BW40,BZ40) -> 161 | CD40: =SUM(BX40,CA40) -> 139 | CE40: =IFERROR(CD40/CC40,"-") -> 0.86335404 | CF40: 0 | CG40: 0 | CH40: =IFERROR(CG40/CF40,"-") -> - | CI40: 0 | CJ40: 0 | CK40: =IFERROR(CJ40/CI40,"-") -> - | CL40: 0 | CM40: 0 | CN40: =IFERROR(CM40/CL40,"-") -> - | CO40: 0 | CP40: 0 | CQ40: =IFERROR(CP40/CO40,"-") -> -
A41: 35 | B41: BALLARI BOYS | C41: RESI. | D41: BOYS | E41: 0 | F41: 0 | G41: 0 | H41: 0 | I41: =SUM(E41,G41) -> 0 | J41: =SUM(F41,H41) -> 0 | K41: =IFERROR(J41/I41,"-") -> - | L41: 0 | M41: 0 | N41: 0 | O41: 0 | P41: =SUM(L41,N41) -> 0 | Q41: =SUM(M41,O41) -> 0 | R41: =IFERROR(Q41/P41,"-") -> - | S41: 7 | T41: 7 | U41: 10 | V41: 9 | W41: =SUM(S41,U41) -> 17 | X41: =SUM(T41,V41) -> 16 | Y41: =IFERROR(X41/W41,"-") -> 0.94117647 | Z41: 0 | AA41: 0 | AB41: 0 | AC41: 0 | AD41: =SUM(Z41,AB41) -> 0 | AE41: =SUM(AA41,AC41) -> 0 | AF41: =IFERROR(AE41/AD41,"-") -> - | AG41: 0 | AH41: 0 | AI41: 0 | AJ41: 0 | AK41: =SUM(AG41,AI41) -> 0 | AL41: =SUM(AH41,AJ41) -> 0 | AM41: =IFERROR(AL41/AK41,"-") -> - | AN41: 4 | AO41: 4 | AP41: 60 | AQ41: 42 | AR41: =SUM(AN41,AP41) -> 64 | AS41: =SUM(AO41,AQ41) -> 46 | AT41: =IFERROR(AS41/AR41,"-") -> 0.71875 | AU41: 0 | AV41: 0 | AW41: 4 | AX41: 4 | AY41: =SUM(AU41,AW41) -> 4 | AZ41: =SUM(AV41,AX41) -> 4 | BA41: =IFERROR(AZ41/AY41,"-") -> 1 | BB41: 2 | BC41: 2 | BD41: 34 | BE41: 26 | BF41: =SUM(BB41,BD41) -> 36 | BG41: =SUM(BC41,BE41) -> 28 | BH41: =IFERROR(BG41/BF41,"-") -> 0.77777778 | BI41: 2 | BJ41: 2 | BK41: 27 | BL41: 25 | BM41: =SUM(BI41,BK41) -> 29 | BN41: =SUM(BJ41,BL41) -> 27 | BO41: =IFERROR(BN41/BM41,"-") -> 0.93103448 | BP41: 0 | BQ41: 0 | BR41: 0 | BS41: 0 | BT41: =SUM(BP41,BR41) -> 0 | BU41: =SUM(BQ41,BS41) -> 0 | BV41: =IFERROR(BU41/BT41,"-") -> - | BW41: =SUM(E41,S41,Z41,AG41,AN41,AU41,L41,BB41,BI41,BP41) -> 15 | BX41: =SUM(F41,T41,AA41,AH41,AO41,AV41,M41,BC41,BJ41,BQ41) -> 15 | BY41: =IFERROR(BX41/BW41,"-") -> 1 | BZ41: =SUM(G41,U41,AB41,AI41,AP41,AW41,N41,BD41,BK41,BR41) -> 135 | CA41: =SUM(H41,V41,AC41,AJ41,AQ41,AX41,O41,BE41,BL41,BS41) -> 106 | CB41: =IFERROR(CA41/BZ41,"-") -> 0.78518519 | CC41: =SUM(BW41,BZ41) -> 150 | CD41: =SUM(BX41,CA41) -> 121 | CE41: =IFERROR(CD41/CC41,"-") -> 0.80666667 | CF41: 0 | CG41: 0 | CH41: =IFERROR(CG41/CF41,"-") -> - | CI41: 0 | CJ41: 0 | CK41: =IFERROR(CJ41/CI41,"-") -> - | CL41: 0 | CM41: 0 | CN41: =IFERROR(CM41/CL41,"-") -> - | CO41: 0 | CP41: 0 | CQ41: =IFERROR(CP41/CO41,"-") -> -
... A44: 38 | B44: SHIVAMOGGA | C44: DAY | D44: COED | E44: 0 | F44: 0 | G44: 0 | H44: 0 | I44: =SUM(E44,G44) -> 0 | J44: =SUM(F44,H44) -> 0 | K44: =IFERROR(J44/I44,"-") -> - | L44: 0 | M44: 0 | N44: 0 | O44: 0 | P44: =SUM(L44,N44) -> 0 | Q44: =SUM(M44,O44) -> 0 | R44: =IFERROR(Q44/P44,"-") -> - | S44: 0 | T44: 0 | U44: 0 | V44: 0 | W44: =SUM(S44,U44) -> 0 | X44: =SUM(T44,V44) -> 0 | Y44: =IFERROR(X44/W44,"-") -> - | Z44: 0 | AA44: 0 | AB44: 0 | AC44: 0 | AD44: =SUM(Z44,AB44) -> 0 | AE44: =SUM(AA44,AC44) -> 0 | AF44: =IFERROR(AE44/AD44,"-") -> - | AG44: 0 | AH44: 0 | AI44: 10 | AJ44: 10 | AK44: =SUM(AG44,AI44) -> 10 | AL44: =SUM(AH44,AJ44) -> 10 | AM44: =IFERROR(AL44/AK44,"-") -> 1 | AN44: 0 | AO44: 0 | AP44: 12 | AQ44: 8 | AR44: =SUM(AN44,AP44) -> 12 | AS44: =SUM(AO44,AQ44) -> 8 | AT44: =IFERROR(AS44/AR44,"-") -> 0.66666667 | AU44: 0 | AV44: 0 | AW44: 0 | AX44: 0 | AY44: =SUM(AU44,AW44) -> 0 | AZ44: =SUM(AV44,AX44) -> 0 | BA44: =IFERROR(AZ44/AY44,"-") -> - | BB44: 0 | BC44: 0 | BD44: 0 | BE44: 0 | BF44: =SUM(BB44,BD44) -> 0 | BG44: =SUM(BC44,BE44) -> 0 | BH44: =IFERROR(BG44/BF44,"-") -> - | BI44: 0 | BJ44: 0 | BK44: 27 | BL44: 21 | BM44: =SUM(BI44,BK44) -> 27 | BN44: =SUM(BJ44,BL44) -> 21 | BO44: =IFERROR(BN44/BM44,"-") -> 0.77777778 | BP44: 0 | BQ44: 0 | BR44: 14 | BS44: 11 | BT44: =SUM(BP44,BR44) -> 14 | BU44: =SUM(BQ44,BS44) -> 11 | BV44: =IFERROR(BU44/BT44,"-") -> 0.78571429 | BW44: =SUM(E44,S44,Z44,AG44,AN44,AU44,L44,BB44,BI44,BP44) -> 0 | BX44: =SUM(F44,T44,AA44,AH44,AO44,AV44,M44,BC44,BJ44,BQ44) -> 0 | BY44: =IFERROR(BX44/BW44,"-") -> - | BZ44: =SUM(G44,U44,AB44,AI44,AP44,AW44,N44,BD44,BK44,BR44) -> 63 | CA44: =SUM(H44,V44,AC44,AJ44,AQ44,AX44,O44,BE44,BL44,BS44) -> 50 | CB44: =IFERROR(CA44/BZ44,"-") -> 0.79365079 | CC44: =SUM(BW44,BZ44) -> 63 | CD44: =SUM(BX44,CA44) -> 50 | CE44: =IFERROR(CD44/CC44,"-") -> 0.79365079 | CF44: 0 | CG44: 0 | CH44: =IFERROR(CG44/CF44,"-") -> - | CI44: 0 | CJ44: 0 | CK44: =IFERROR(CJ44/CI44,"-") -> - | CL44: 0 | CM44: 0 | CN44: =IFERROR(CM44/CL44,"-") -> - | CO44: 0 | CP44: 0 | CQ44: =IFERROR(CP44/CO44,"-") -> -
B45: TOTAL | E45: =SUM(E7:E44) -> 254 | F45: =SUM(F7:F44) -> 227 | G45: =SUM(G7:G44) -> 0 | H45: =SUM(H7:H44) -> 0 | I45: =SUM(E45,G45) -> 254 | J45: =SUM(F45,H45) -> 227 | K45: =IFERROR(J45/I45,"-") -> 0.89370079 | L45: =SUM(L7:L44) -> 534 | M45: =SUM(M7:M44) -> 489 | N45: =SUM(N7:N44) -> 98 | O45: =SUM(O7:O44) -> 92 | P45: =SUM(L45,N45) -> 632 | Q45: =SUM(M45,O45) -> 581 | R45: =IFERROR(Q45/P45,"-") -> 0.9193038 | S45: =SUM(S7:S44) -> 598 | T45: =SUM(T7:T44) -> 519 | U45: =SUM(U7:U44) -> 550 | V45: =SUM(V7:V44) -> 490 | W45: =SUM(S45,U45) -> 1148 | X45: =SUM(T45,V45) -> 1009 | Y45: =IFERROR(X45/W45,"-") -> 0.87891986 | Z45: =SUM(Z7:Z44) -> 0 | AA45: =SUM(AA7:AA44) -> 0 | AB45: =SUM(AB7:AB44) -> 0 | AC45: =SUM(AC7:AC44) -> 0 | AD45: =SUM(Z45,AB45) -> 0 | AE45: =SUM(AA45,AC45) -> 0 | AF45: =IFERROR(AE45/AD45,"-") -> - | AG45: =SUM(AG7:AG44) -> 449 | AH45: =SUM(AH7:AH44) -> 394 | AI45: =SUM(AI7:AI44) -> 639 | AJ45: =SUM(AJ7:AJ44) -> 564 | AK45: =SUM(AG45,AI45) -> 1088 | AL45: =SUM(AH45,AJ45) -> 958 | AM45: =IFERROR(AL45/AK45,"-") -> 0.88051471 | AN45: =SUM(AN7:AN44) -> 356 | AO45: =SUM(AO7:AO44) -> 298 | AP45: =SUM(AP7:AP44) -> 1800 | AQ45: =SUM(AQ7:AQ44) -> 1527 | AR45: =SUM(AN45,AP45) -> 2156 | AS45: =SUM(AO45,AQ45) -> 1825 | AT45: =IFERROR(AS45/AR45,"-") -> 0.84647495 | AU45: =SUM(AU7:AU44) -> 748 | AV45: =SUM(AV7:AV44) -> 675 | AW45: =SUM(AW7:AW44) -> 531 | AX45: =SUM(AX7:AX44) -> 489 | AY45: =SUM(AU45,AW45) -> 1279 | AZ45: =SUM(AV45,AX45) -> 1164 | BA45: =IFERROR(AZ45/AY45,"-") -> 0.910086 | BB45: =SUM(BB7:BB44) -> 294 | BC45: =SUM(BC7:BC44) -> 257 | BD45: =SUM(BD7:BD44) -> 712 | BE45: =SUM(BE7:BE44) -> 632 | BF45: =SUM(BB45,BD45) -> 1006 | BG45: =SUM(BC45,BE45) -> 889 | BH45: =IFERROR(BG45/BF45,"-") -> 0.88369781 | BI45: =SUM(BI7:BI44) -> 4 | BJ45: =SUM(BJ7:BJ44) -> 4 | BK45: =SUM(BK7:BK44) -> 285 | BL45: =SUM(BL7:BL44) -> 234 | BM45: =SUM(BI45,BK45) -> 289 | BN45: =SUM(BJ45,BL45) -> 238 | BO45: =IFERROR(BN45/BM45,"-") -> 0.82352941 | BP45: =SUM(BP7:BP44) -> 242 | BQ45: =SUM(BQ7:BQ44) -> 212 | BR45: =SUM(BR7:BR44) -> 628 | BS45: =SUM(BS7:BS44) -> 569 | BT45: =SUM(BP45,BR45) -> 870 | BU45: =SUM(BQ45,BS45) -> 781 | BV45: =IFERROR(BU45/BT45,"-") -> 0.89770115 | BW45: =SUM(BW7:BW44) -> 3479 | BX45: =SUM(BX7:BX44) -> 3075 | BY45: =IFERROR(BX45/BW45,"-") -> 0.88387468 | BZ45: =SUM(BZ7:BZ44) -> 5243 | CA45: =SUM(CA7:CA44) -> 4597 | CB45: =IFERROR(CA45/BZ45,"-") -> 0.8767881 | CC45: =SUM(CC7:CC44) -> 8722 | CD45: =SUM(CD7:CD44) -> 7672 | CE45: =IFERROR(CD45/CC45,"-") -> 0.87961477 | CF45: =SUM(CF7:CF44) -> 161 | CG45: =SUM(CG7:CG44) -> 82 | CH45: =IFERROR(CG45/CF45,"-") -> 0.50931677 | CI45: =SUM(CI7:CI44) -> 209 | CJ45: =SUM(CJ7:CJ44) -> 101 | CK45: =IFERROR(CJ45/CI45,"-") -> 0.48325359 | CL45: =SUM(CL7:CL44) -> 233 | CM45: =SUM(CM7:CM44) -> 166 | CN45: =IFERROR(CM45/CL45,"-") -> 0.71244635 | CO45: =SUM(CO7:CO44) -> 170 | CP45: =SUM(CP7:CP44) -> 137 | CQ45: =IFERROR(CP45/CO45,"-") -> 0.80588235
A47: S.NO | B47: NAME OF THE CAMPUS | C47: RESI. /DAY | D47: BOYS /GIRLS / COED | E47: OUTGOING SENIORS (CBSE & PU) | BW47: OUTGOING SENIOR CBSE TOTAL | BZ47: OUTGOING SENIOR PU TOTAL | CC47: OUTGOING TOTAL SENIORS | CF47: LONG TERM VAIDYAH
E48: Out Sr.Super60(Nuc) | I48: Out Sr.Super60(Nuc) (CBSE & PU) | L48: Out Sr.Super60(Ster) | P48: Out Sr.Super60(Ster) (CBSE & PU) | S48: Out Sr.Elite (C-120) | W48: Out Sr.Elite (C-120) (CBSE & PU) | Z48: Out Sr.Super60(Star) | AD48: Out Sr.Super60(Star) (CBSE & PU) | AG48: Out Sr.C-120(Star) | AK48: Out Sr.C-120(Star) (CBSE & PU) | AN48: Out Sr.JEE Apex (2Hrs) | AR48: Out Sr.JEE Apex (2Hrs) (CBSE & PU) | AU48: Out Sr.Elite | AY48: Out Sr.Elite (CBSE & PU) | BB48: Out Sr.AIIMS S60 | BF48: Out Sr.AIIMS S60 (CBSE & PU) | BI48: Out Sr.NEET Wisdom (2Hrs) | BM48: Out Sr.NEET Wisdom (2Hrs) (CBSE & PU) | BP48: Out Sr.ELITE & AIIMS S60 (Star) | BT48: Out Sr.ELITE & AIIMS S60 (Star) (CBSE & PU)
E49: CBSE | G49: PU | L49: CBSE | N49: PU | S49: CBSE | U49: PU | Z49: CBSE | AB49: PU | AG49: CBSE | AI49: PU | AN49: CBSE | AP49: PU | AU49: CBSE | AW49: PU | BB49: CBSE | BD49: PU | BI49: CBSE | BK49: PU | BP49: CBSE | BR49: PU | BW49: TOT | BX49: PRE | BY49: % | BZ49: TOT | CA49: PRE | CB49: % | CC49: TOT | CD49: PRE | CE49: % | CF49: TOT | CG49: PRE | CH49: %
E50: TOT | F50: PRE | G50: TOT | H50: PRE | I50: TOT | J50: PRE | K50: % | L50: TOT | M50: PRE | N50: TOT | O50: PRE | P50: TOT | Q50: PRE | R50: % | S50: TOT | T50: PRE | U50: TOT | V50: PRE | W50: TOT | X50: PRE | Y50: % | Z50: TOT | AA50: PRE | AB50: TOT | AC50: PRE | AD50: TOT | AE50: PRE | AF50: % | AG50: TOT | AH50: PRE | AI50: TOT | AJ50: PRE | AK50: TOT | AL50: PRE | AM50: % | AN50: TOT | AO50: PRE | AP50: TOT | AQ50: PRE | AR50: TOT | AS50: PRE | AT50: % | AU50: TOT | AV50: PRE | AW50: TOT | AX50: PRE | AY50: TOT | AZ50: PRE | BA50: % | BB50: TOT | BC50: PRE | BD50: TOT | BE50: PRE | BF50: TOT | BG50: PRE | BH50: % | BI50: TOT | BJ50: PRE | BK50: TOT | BL50: PRE | BM50: TOT | BN50: PRE | BO50: % | BP50: TOT | BQ50: PRE | BR50: TOT | BS50: PRE | BT50: TOT | BU50: PRE | BV50: %
A51: 1 | B51: BANASWADI | C51: DAY | D51: COED | E51: 0 | F51: 0 | G51: 0 | H51: 0 | I51: =SUM(E51,G51) -> 0 | J51: =SUM(F51,H51) -> 0 | K51: =IFERROR(J51/I51,"-") -> - | L51: 0 | M51: 0 | N51: 0 | O51: 0 | P51: =SUM(L51,N51) -> 0 | Q51: =SUM(M51,O51) -> 0 | R51: =IFERROR(Q51/P51,"-") -> - | S51: 3 | T51: 1 | U51: 0 | V51: 0 | W51: =SUM(S51,U51) -> 3 | X51: =SUM(T51,V51) -> 1 | Y51: =IFERROR(X51/W51,"-") -> 0.33333333 | Z51: 0 | AA51: 0 | AB51: 0 | AC51: 0 | AD51: =SUM(Z51,AB51) -> 0 | AE51: =SUM(AA51,AC51) -> 0 | AF51: =IFERROR(AE51/AD51,"-") -> - | AG51: 37 | AH51: 10 | AI51: 2 | AJ51: 1 | AK51: =SUM(AG51,AI51) -> 39 | AL51: =SUM(AH51,AJ51) -> 11 | AM51: =IFERROR(AL51/AK51,"-") -> 0.28205128 | AN51: 15 | AO51: 6 | AP51: 13 | AQ51: 4 | AR51: =SUM(AN51,AP51) -> 28 | AS51: =SUM(AO51,AQ51) -> 10 | AT51: =IFERROR(AS51/AR51,"-") -> 0.35714286 | AU51: 0 | AV51: 0 | AW51: 0 | AX51: 0 | AY51: =SUM(AU51,AW51) -> 0 | AZ51: =SUM(AV51,AX51) -> 0 | BA51: =IFERROR(AZ51/AY51,"-") -> - | BB51: 5 | BC51: 1 | BD51: 0 | BE51: 0 | BF51: =SUM(BB51,BD51) -> 5 | BG51: =SUM(BC51,BE51) -> 1 | BH51: =IFERROR(BG51/BF51,"-") -> 0.2 | BI51: 0 | BJ51: 0 | BK51: 0 | BL51: 0 | BM51: =SUM(BI51,BK51) -> 0 | BN51: =SUM(BJ51,BL51) -> 0 | BO51: =IFERROR(BN51/BM51,"-") -> - | BP51: 30 | BQ51: 3 | BR51: 10 | BS51: 3 | BT51: =SUM(BP51,BR51) -> 40 | BU51: =SUM(BQ51,BS51) -> 6 | BV51: =IFERROR(BU51/BT51,"-") -> 0.15 | BW51: =SUM(E51,S51,Z51,AG51,AN51,AU51,L51,BB51,BI51,BP51) -> 90 | BX51: =SUM(F51,T51,AA51,AH51,AO51,AV51,M51,BC51,BJ51,BQ51) -> 21 | BY51: =IFERROR(BX51/BW51,"-") -> 0.23333333 | BZ51: =SUM(G51,U51,AB51,AI51,AP51,AW51,N51,BD51,BK51,BR51) -> 25 | CA51: =SUM(H51,V51,AC51,AJ51,AQ51,AX51,O51,BE51,BL51,BS51) -> 8 | CB51: =IFERROR(CA51/BZ51,"-") -> 0.32 | CC51: =SUM(BW51,BZ51) -> 115 | CD51: =SUM(BX51,CA51) -> 29 | CE51: =IFERROR(CD51/CC51,"-") -> 0.25217391 | CF51: 0 | CG51: 0 | CH51: -
A52: 2 | B52: HORAMAVU | C52: DAY | D52: COED | E52: 0 | F52: 0 | G52: 0 | H52: 0 | I52: =SUM(E52,G52) -> 0 | J52: =SUM(F52,H52) -> 0 | K52: =IFERROR(J52/I52,"-") -> - | L52: 36 | M52: 4 | N52: 0 | O52: 0 | P52: =SUM(L52,N52) -> 36 | Q52: =SUM(M52,O52) -> 4 | R52: =IFERROR(Q52/P52,"-") -> 0.11111111 | S52: 106 | T52: 13 | U52: 0 | V52: 0 | W52: =SUM(S52,U52) -> 106 | X52: =SUM(T52,V52) -> 13 | Y52: =IFERROR(X52/W52,"-") -> 0.12264151 | Z52: 0 | AA52: 0 | AB52: 0 | AC52: 0 | AD52: =SUM(Z52,AB52) -> 0 | AE52: =SUM(AA52,AC52) -> 0 | AF52: =IFERROR(AE52/AD52,"-") -> - | AG52: 56 | AH52: 10 | AI52: 0 | AJ52: 0 | AK52: =SUM(AG52,AI52) -> 56 | AL52: =SUM(AH52,AJ52) -> 10 | AM52: =IFERROR(AL52/AK52,"-") -> 0.17857143 | AN52: 57 | AO52: 4 | AP52: 42 | AQ52: 0 | AR52: =SUM(AN52,AP52) -> 99 | AS52: =SUM(AO52,AQ52) -> 4 | AT52: =IFERROR(AS52/AR52,"-") -> 0.04040404 | AU52: 51 | AV52: 30 | AW52: 0 | AX52: 0 | AY52: =SUM(AU52,AW52) -> 51 | AZ52: =SUM(AV52,AX52) -> 30 | BA52: =IFERROR(AZ52/AY52,"-") -> 0.58823529 | BB52: 0 | BC52: 0 | BD52: 0 | BE52: 0 | BF52: =SUM(BB52,BD52) -> 0 | BG52: =SUM(BC52,BE52) -> 0 | BH52: =IFERROR(BG52/BF52,"-") -> - | BI52: 0 | BJ52: 0 | BK52: 0 | BL52: 0 | BM52: =SUM(BI52,BK52) -> 0 | BN52: =SUM(BJ52,BL52) -> 0 | BO52: =IFERROR(BN52/BM52,"-") -> - | BP52: 37 | BQ52: 0 | BR52: 0 | BS52: 0 | BT52: =SUM(BP52,BR52) -> 37 | BU52: =SUM(BQ52,BS52) -> 0 | BV52: =IFERROR(BU52/BT52,"-") -> 0 | BW52: =SUM(E52,S52,Z52,AG52,AN52,AU52,L52,BB52,BI52,BP52) -> 343 | BX52: =SUM(F52,T52,AA52,AH52,AO52,AV52,M52,BC52,BJ52,BQ52) -> 61 | BY52: =IFERROR(BX52/BW52,"-") -> 0.17784257 | BZ52: =SUM(G52,U52,AB52,AI52,AP52,AW52,N52,BD52,BK52,BR52) -> 42 | CA52: =SUM(H52,V52,AC52,AJ52,AQ52,AX52,O52,BE52,BL52,BS52) -> 0 | CB52: =IFERROR(CA52/BZ52,"-") -> 0 | CC52: =SUM(BW52,BZ52) -> 385 | CD52: =SUM(BX52,CA52) -> 61 | CE52: =IFERROR(CD52/CC52,"-") -> 0.15844156 | CF52: 0 | CG52: 0 | CH52: =IFERROR(CG52/CF52,"-") -> -
A53: 3 | B53: KAGGADASPURA | C53: DAY | D53: COED | E53: 0 | F53: 0 | G53: 0 | H53: 0 | I53: =SUM(E53,G53) -> 0 | J53: =SUM(F53,H53) -> 0 | K53: =IFERROR(J53/I53,"-") -> - | L53: 0 | M53: 0 | N53: 0 | O53: 0 | P53: =SUM(L53,N53) -> 0 | Q53: =SUM(M53,O53) -> 0 | R53: =IFERROR(Q53/P53,"-") -> - | S53: 29 | T53: 0 | U53: 1 | V53: 0 | W53: =SUM(S53,U53) -> 30 | X53: =SUM(T53,V53) -> 0 | Y53: =IFERROR(X53/W53,"-") -> 0 | Z53: 0 | AA53: 0 | AB53: 0 | AC53: 0 | AD53: =SUM(Z53,AB53) -> 0 | AE53: =SUM(AA53,AC53) -> 0 | AF53: =IFERROR(AE53/AD53,"-") -> - | AG53: 46 | AH53: 2 | AI53: 7 | AJ53: 0 | AK53: =SUM(AG53,AI53) -> 53 | AL53: =SUM(AH53,AJ53) -> 2 | AM53: =IFERROR(AL53/AK53,"-") -> 0.037735849 | AN53: 8 | AO53: 2 | AP53: 28 | AQ53: 0 | AR53: =SUM(AN53,AP53) -> 36 | AS53: =SUM(AO53,AQ53) -> 2 | AT53: =IFERROR(AS53/AR53,"-") -> 0.055555556 | AU53: 0 | AV53: 0 | AW53: 0 | AX53: 0 | AY53: =SUM(AU53,AW53) -> 0 | AZ53: =SUM(AV53,AX53) -> 0 | BA53: =IFERROR(AZ53/AY53,"-") -> - | BB53: 38 | BC53: 1 | BD53: 10 | BE53: 0 | BF53: =SUM(BB53,BD53) -> 48 | BG53: =SUM(BC53,BE53) -> 1 | BH53: =IFERROR(BG53/BF53,"-") -> 0.020833333 | BI53: 0 | BJ53: 0 | BK53: 0 | BL53: 0 | BM53: =SUM(BI53,BK53) -> 0 | BN53: =SUM(BJ53,BL53) -> 0 | BO53: =IFERROR(BN53/BM53,"-") -> - | BP53: 0 | BQ53: 0 | BR53: 0 | BS53: 0 | BT53: =SUM(BP53,BR53) -> 0 | BU53: =SUM(BQ53,BS53) -> 0 | BV53: =IFERROR(BU53/BT53,"-") -> - | BW53: =SUM(E53,S53,Z53,AG53,AN53,AU53,L53,BB53,BI53,BP53) -> 121 | BX53: =SUM(F53,T53,AA53,AH53,AO53,AV53,M53,BC53,BJ53,BQ53) -> 5 | BY53: =IFERROR(BX53/BW53,"-") -> 0.041322314 | BZ53: =SUM(G53,U53,AB53,AI53,AP53,AW53,N53,BD53,BK53,BR53) -> 46 | CA53: =SUM(H53,V53,AC53,AJ53,AQ53,AX53,O53,BE53,BL53,BS53) -> 0 | CB53: =IFERROR(CA53/BZ53,"-") -> 0 | CC53: =SUM(BW53,BZ53) -> 167 | CD53: =SUM(BX53,CA53) -> 5 | CE53: =IFERROR(CD53/CC53,"-") -> 0.02994012 | CF53: 0 | CG53: 0 | CH53: =IFERROR(CG53/CF53,"-") -> -
A54: 4 | B54: KR PURAM | C54: DAY | D54: COED | E54: 0 | F54: 0 | G54: 0 | H54: 0 | I54: =SUM(E54,G54) -> 0 | J54: =SUM(F54,H54) -> 0 | K54: =IFERROR(J54/I54,"-") -> - | L54: 0 | M54: 0 | N54: 0 | O54: 0 | P54: =SUM(L54,N54) -> 0 | Q54: =SUM(M54,O54) -> 0 | R54: =IFERROR(Q54/P54,"-") -> - | S54: 12 | T54: 3 | U54: 4 | V54: 1 | W54: =SUM(S54,U54) -> 16 | X54: =SUM(T54,V54) -> 4 | Y54: =IFERROR(X54/W54,"-") -> 0.25 | Z54: 0 | AA54: 0 | AB54: 0 | AC54: 0 | AD54: =SUM(Z54,AB54) -> 0 | AE54: =SUM(AA54,AC54) -> 0 | AF54: =IFERROR(AE54/AD54,"-") -> - | AG54: 22 | AH54: 3 | AI54: 27 | AJ54: 3 | AK54: =SUM(AG54,AI54) -> 49 | AL54: =SUM(AH54,AJ54) -> 6 | AM54: =IFERROR(AL54/AK54,"-") -> 0.12244898 | AN54: 25 | AO54: 4 | AP54: 11 | AQ54: 3 | AR54: =SUM(AN54,AP54) -> 36 | AS54: =SUM(AO54,AQ54) -> 7 | AT54: =IFERROR(AS54/AR54,"-") -> 0.19444444 | AU54: 18 | AV54: 2 | AW54: 4 | AX54: 1 | AY54: =SUM(AU54,AW54) -> 22 | AZ54: =SUM(AV54,AX54) -> 3 | BA54: =IFERROR(AZ54/AY54,"-") -> 0.13636364 | BB54: 0 | BC54: 0 | BD54: 0 | BE54: 0 | BF54: =SUM(BB54,BD54) -> 0 | BG54: =SUM(BC54,BE54) -> 0 | BH54: =IFERROR(BG54/BF54,"-") -> - | BI54: 23 | BJ54: 5 | BK54: 19 | BL54: 3 | BM54: =SUM(BI54,BK54) -> 42 | BN54: =SUM(BJ54,BL54) -> 8 | BO54: =IFERROR(BN54/BM54,"-") -> 0.19047619 | BP54: 0 | BQ54: 0 | BR54: 0 | BS54: 0 | BT54: =SUM(BP54,BR54) -> 0 | BU54: =SUM(BQ54,BS54) -> 0 | BV54: =IFERROR(BU54/BT54,"-") -> - | BW54: =SUM(E54,S54,Z54,AG54,AN54,AU54,L54,BB54,BI54,BP54) -> 100 | BX54: =SUM(F54,T54,AA54,AH54,AO54,AV54,M54,BC54,BJ54,BQ54) -> 17 | BY54: =IFERROR(BX54/BW54,"-") -> 0.17 | BZ54: =SUM(G54,U54,AB54,AI54,AP54,AW54,N54,BD54,BK54,BR54) -> 65 | CA54: =SUM(H54,V54,AC54,AJ54,AQ54,AX54,O54,BE54,BL54,BS54) -> 11 | CB54: =IFERROR(CA54/BZ54,"-") -> 0.16923077 | CC54: =SUM(BW54,BZ54) -> 165 | CD54: =SUM(BX54,CA54) -> 28 | CE54: =IFERROR(CD54/CC54,"-") -> 0.16969697 | CF54: 0 | CG54: 0 | CH54: =IFERROR(CG54/CF54,"-") -> -
A55: 5 | B55: KUDLU | C55: DAY | D55: COED | E55: 0 | F55: 0 | G55: 0 | H55: 0 | I55: =SUM(E55,G55) -> 0 | J55: =SUM(F55,H55) -> 0 | K55: =IFERROR(J55/I55,"-") -> - | L55: 15 | M55: 9 | N55: 2 | O55: 1 | P55: =SUM(L55,N55) -> 17 | Q55: =SUM(M55,O55) -> 10 | R55: =IFERROR(Q55/P55,"-") -> 0.58823529 | S55: 45 | T55: 3 | U55: 10 | V55: 1 | W55: =SUM(S55,U55) -> 55 | X55: =SUM(T55,V55) -> 4 | Y55: =IFERROR(X55/W55,"-") -> 0.072727273 | Z55: 0 | AA55: 0 | AB55: 0 | AC55: 0 | AD55: =SUM(Z55,AB55) -> 0 | AE55: =SUM(AA55,AC55) -> 0 | AF55: =IFERROR(AE55/AD55,"-") -> - | AG55: 0 | AH55: 0 | AI55: 0 | AJ55: 0 | AK55: =SUM(AG55,AI55) -> 0 | AL55: =SUM(AH55,AJ55) -> 0 | AM55: =IFERROR(AL55/AK55,"-") -> - | AN55: 40 | AO55: 3 | AP55: 17 | AQ55: 2 | AR55: =SUM(AN55,AP55) -> 57 | AS55: =SUM(AO55,AQ55) -> 5 | AT55: =IFERROR(AS55/AR55,"-") -> 0.087719298 | AU55: 0 | AV55: 0 | AW55: 0 | AX55: 0 | AY55: =SUM(AU55,AW55) -> 0 | AZ55: =SUM(AV55,AX55) -> 0 | BA55: =IFERROR(AZ55/AY55,"-") -> - | BB55: 35 | BC55: 10 | BD55: 13 | BE55: 1 | BF55: =SUM(BB55,BD55) -> 48 | BG55: =SUM(BC55,BE55) -> 11 | BH55: =IFERROR(BG55/BF55,"-") -> 0.22916667 | BI55: 9 | BJ55: 2 | BK55: 1 | BL55: 0 | BM55: =SUM(BI55,BK55) -> 10 | BN55: =SUM(BJ55,BL55) -> 2 | BO55: =IFERROR(BN55/BM55,"-") -> 0.2 | BP55: 0 | BQ55: 0 | BR55: 0 | BS55: 0 | BT55: =SUM(BP55,BR55) -> 0 | BU55: =SUM(BQ55,BS55) -> 0 | BV55: =IFERROR(BU55/BT55,"-") -> - | BW55: =SUM(E55,S55,Z55,AG55,AN55,AU55,L55,BB55,BI55,BP55) -> 144 | BX55: =SUM(F55,T55,AA55,AH55,AO55,AV55,M55,BC55,BJ55,BQ55) -> 27 | BY55: =IFERROR(BX55/BW55,"-") -> 0.1875 | BZ55: =SUM(G55,U55,AB55,AI55,AP55,AW55,N55,BD55,BK55,BR55) -> 43 | CA55: =SUM(H55,V55,AC55,AJ55,AQ55,AX55,O55,BE55,BL55,BS55) -> 5 | CB55: =IFERROR(CA55/BZ55,"-") -> 0.11627907 | CC55: =SUM(BW55,BZ55) -> 187 | CD55: =SUM(BX55,CA55) -> 32 | CE55: =IFERROR(CD55/CC55,"-") -> 0.17112299 | CF55: 0 | CG55: 0 | CH55: =IFERROR(CG55/CF55,"-") -> -
A56: 6 | B56: MARTHAHALLI | C56: D&R | D56: COED | E56: 121 | F56: 45 | G56: 0 | H56: 0 | I56: =SUM(E56,G56) -> 121 | J56: =SUM(F56,H56) -> 45 | K56: =IFERROR(J56/I56,"-") -> 0.37190083 | L56: 180 | M56: 43 | N56: 0 | O56: 0 | P56: =SUM(L56,N56) -> 180 | Q56: =SUM(M56,O56) -> 43 | R56: =IFERROR(Q56/P56,"-") -> 0.23888889 | S56: 0 | T56: 0 | U56: 0 | V56: 0 | W56: =SUM(S56,U56) -> 0 | X56: =SUM(T56,V56) -> 0 | Y56: =IFERROR(X56/W56,"-") -> - | Z56: 54 | AA56: 19 | AB56: 0 | AC56: 0 | AD56: =SUM(Z56,AB56) -> 54 | AE56: =SUM(AA56,AC56) -> 19 | AF56: =IFERROR(AE56/AD56,"-") -> 0.35185185 | AG56: 0 | AH56: 0 | AI56: 0 | AJ56: 0 | AK56: =SUM(AG56,AI56) -> 0 | AL56: =SUM(AH56,AJ56) -> 0 | AM56: =IFERROR(AL56/AK56,"-") -> - | AN56: 0 | AO56: 0 | AP56: 0 | AQ56: 0 | AR56: =SUM(AN56,AP56) -> 0 | AS56: =SUM(AO56,AQ56) -> 0 | AT56: =IFERROR(AS56/AR56,"-") -> - | AU56: 0 | AV56: 0 | AW56: 0 | AX56: 0 | AY56: =SUM(AU56,AW56) -> 0 | AZ56: =SUM(AV56,AX56) -> 0 | BA56: =IFERROR(AZ56/AY56,"-") -> - | BB56: 0 | BC56: 0 | BD56: 0 | BE56: 0 | BF56: =SUM(BB56,BD56) -> 0 | BG56: =SUM(BC56,BE56) -> 0 | BH56: =IFERROR(BG56/BF56,"-") -> - | BI56: 0 | BJ56: 0 | BK56: 0 | BL56: 0 | BM56: =SUM(BI56,BK56) -> 0 | BN56: =SUM(BJ56,BL56) -> 0 | BO56: =IFERROR(BN56/BM56,"-") -> - | BP56: 0 | BQ56: 0 | BR56: 0 | BS56: 0 | BT56: =SUM(BP56,BR56) -> 0 | BU56: =SUM(BQ56,BS56) -> 0 | BV56: =IFERROR(BU56/BT56,"-") -> - | BW56: =SUM(E56,S56,Z56,AG56,AN56,AU56,L56,BB56,BI56,BP56) -> 355 | BX56: =SUM(F56,T56,AA56,AH56,AO56,AV56,M56,BC56,BJ56,BQ56) -> 107 | BY56: =IFERROR(BX56/BW56,"-") -> 0.30140845 | BZ56: =SUM(G56,U56,AB56,AI56,AP56,AW56,N56,BD56,BK56,BR56) -> 0 | CA56: =SUM(H56,V56,AC56,AJ56,AQ56,AX56,O56,BE56,BL56,BS56) -> 0 | CB56: =IFERROR(CA56/BZ56,"-") -> - | CC56: =SUM(BW56,BZ56) -> 355 | CD56: =SUM(BX56,CA56) -> 107 | CE56: =IFERROR(CD56/CC56,"-") -> 0.30140845 | CF56: 0 | CG56: 0 | CH56: =IFERROR(CG56/CF56,"-") -> -
A57: 7 | B57: MARTHAHALLI C-120 | C57: DAY | D57: COED | E57: 0 | F57: 0 | G57: 0 | H57: 0 | I57: =SUM(E57,G57) -> 0 | J57: =SUM(F57,H57) -> 0 | K57: =IFERROR(J57/I57,"-") -> - | L57: 33 | M57: 13 | N57: 0 | O57: 0 | P57: =SUM(L57,N57) -> 33 | Q57: =SUM(M57,O57) -> 13 | R57: =IFERROR(Q57/P57,"-") -> 0.39393939 | S57: 126 | T57: 28 | U57: 0 | V57: 0 | W57: =SUM(S57,U57) -> 126 | X57: =SUM(T57,V57) -> 28 | Y57: =IFERROR(X57/W57,"-") -> 0.22222222 | Z57: 0 | AA57: 0 | AB57: 0 | AC57: 0 | AD57: =SUM(Z57,AB57) -> 0 | AE57: =SUM(AA57,AC57) -> 0 | AF57: =IFERROR(AE57/AD57,"-") -> - | AG57: 60 | AH57: 21 | AI57: 0 | AJ57: 0 | AK57: =SUM(AG57,AI57) -> 60 | AL57: =SUM(AH57,AJ57) -> 21 | AM57: =IFERROR(AL57/AK57,"-") -> 0.35 | AN57: 57 | AO57: 18 | AP57: 42 | AQ57: 20 | AR57: =SUM(AN57,AP57) -> 99 | AS57: =SUM(AO57,AQ57) -> 38 | AT57: =IFERROR(AS57/AR57,"-") -> 0.38383838 | AU57: 0 | AV57: 0 | AW57: 0 | AX57: 0 | AY57: =SUM(AU57,AW57) -> 0 | AZ57: =SUM(AV57,AX57) -> 0 | BA57: =IFERROR(AZ57/AY57,"-") -> - | BB57: 30 | BC57: 8 | BD57: 0 | BE57: 0 | BF57: =SUM(BB57,BD57) -> 30 | BG57: =SUM(BC57,BE57) -> 8 | BH57: =IFERROR(BG57/BF57,"-") -> 0.26666667 | BI57: 0 | BJ57: 0 | BK57: 0 | BL57: 0 | BM57: =SUM(BI57,BK57) -> 0 | BN57: =SUM(BJ57,BL57) -> 0 | BO57: =IFERROR(BN57/BM57,"-") -> - | BP57: 32 | BQ57: 10 | BR57: 0 | BS57: 0 | BT57: =SUM(BP57,BR57) -> 32 | BU57: =SUM(BQ57,BS57) -> 10 | BV57: =IFERROR(BU57/BT57,"-") -> 0.3125 | BW57: =SUM(E57,S57,Z57,AG57,AN57,AU57,L57,BB57,BI57,BP57) -> 338 | BX57: =SUM(F57,T57,AA57,AH57,AO57,AV57,M57,BC57,BJ57,BQ57) -> 98 | BY57: =IFERROR(BX57/BW57,"-") -> 0.28994083 | BZ57: =SUM(G57,U57,AB57,AI57,AP57,AW57,N57,BD57,BK57,BR57) -> 42 | CA57: =SUM(H57,V57,AC57,AJ57,AQ57,AX57,O57,BE57,BL57,BS57) -> 20 | CB57: =IFERROR(CA57/BZ57,"-") -> 0.47619048 | CC57: =SUM(BW57,BZ57) -> 380 | CD57: =SUM(BX57,CA57) -> 118 | CE57: =IFERROR(CD57/CC57,"-") -> 0.31052632 | CF57: 0 | CG57: 0 | CH57: =IFERROR(CG57/CF57,"-") -> -
A58: 8 | B58: BELLANDUR | C58: D&R | D58: COED | E58: 0 | F58: 0 | G58: 0 | H58: 0 | I58: =SUM(E58,G58) -> 0 | J58: =SUM(F58,H58) -> 0 | K58: =IFERROR(J58/I58,"-") -> - | L58: 0 | M58: 0 | N58: 0 | O58: 0 | P58: =SUM(L58,N58) -> 0 | Q58: =SUM(M58,O58) -> 0 | R58: =IFERROR(Q58/P58,"-") -> - | S58: 0 | T58: 0 | U58: 0 | V58: 0 | W58: =SUM(S58,U58) -> 0 | X58: =SUM(T58,V58) -> 0 | Y58: =IFERROR(X58/W58,"-") -> - | Z58: 0 | AA58: 0 | AB58: 0 | AC58: 0 | AD58: =SUM(Z58,AB58) -> 0 | AE58: =SUM(AA58,AC58) -> 0 | AF58: =IFERROR(AE58/AD58,"-") -> - | AG58: 0 | AH58: 0 | AI58: 0 | AJ58: 0 | AK58: =SUM(AG58,AI58) -> 0 | AL58: =SUM(AH58,AJ58) -> 0 | AM58: =IFERROR(AL58/AK58,"-") -> - | AN58: 0 | AO58: 0 | AP58: 0 | AQ58: 0 | AR58: =SUM(AN58,AP58) -> 0 | AS58: =SUM(AO58,AQ58) -> 0 | AT58: =IFERROR(AS58/AR58,"-") -> - | AU58: 231 | AV58: 137 | AW58: 0 | AX58: 0 | AY58: =SUM(AU58,AW58) -> 231 | AZ58: =SUM(AV58,AX58) -> 137 | BA58: =IFERROR(AZ58/AY58,"-") -> 0.59307359 | BB58: 0 | BC58: 0 | BD58: 0 | BE58: 0 | BF58: =SUM(BB58,BD58) -> 0 | BG58: =SUM(BC58,BE58) -> 0 | BH58: =IFERROR(BG58/BF58,"-") -> - | BI58: 0 | BJ58: 0 | BK58: 0 | BL58: 0 | BM58: =SUM(BI58,BK58) -> 0 | BN58: =SUM(BJ58,BL58) -> 0 | BO58: =IFERROR(BN58/BM58,"-") -> - | BP58: 0 | BQ58: 0 | BR58: 0 | BS58: 0 | BT58: =SUM(BP58,BR58) -> 0 | BU58: =SUM(BQ58,BS58) -> 0 | BV58: =IFERROR(BU58/BT58,"-") -> - | BW58: =SUM(E58,S58,Z58,AG58,AN58,AU58,L58,BB58,BI58,BP58) -> 231 | BX58: =SUM(F58,T58,AA58,AH58,AO58,AV58,M58,BC58,BJ58,BQ58) -> 137 | BY58: =IFERROR(BX58/BW58,"-") -> 0.59307359 | BZ58: =SUM(G58,U58,AB58,AI58,AP58,AW58,N58,BD58,BK58,BR58) -> 0 | CA58: =SUM(H58,V58,AC58,AJ58,AQ58,AX58,O58,BE58,BL58,BS58) -> 0 | CB58: =IFERROR(CA58/BZ58,"-") -> - | CC58: =SUM(BW58,BZ58) -> 231 | CD58: =SUM(BX58,CA58) -> 137 | CE58: =IFERROR(CD58/CC58,"-") -> 0.59307359 | CF58: 0 | CG58: 0 | CH58: =IFERROR(CG58/CF58,"-") -> -
A59: 9 | B59: HEGDENAGAR | C59: DAY | D59: COED | E59: 0 | F59: 0 | G59: 0 | H59: 0 | I59: =SUM(E59,G59) -> 0 | J59: =SUM(F59,H59) -> 0 | K59: =IFERROR(J59/I59,"-") -> - | L59: 0 | M59: 0 | N59: 0 | O59: 0 | P59: =SUM(L59,N59) -> 0 | Q59: =SUM(M59,O59) -> 0 | R59: =IFERROR(Q59/P59,"-") -> - | S59: 0 | T59: 0 | U59: 0 | V59: 0 | W59: =SUM(S59,U59) -> 0 | X59: =SUM(T59,V59) -> 0 | Y59: =IFERROR(X59/W59,"-") -> - | Z59: 0 | AA59: 0 | AB59: 0 | AC59: 0 | AD59: =SUM(Z59,AB59) -> 0 | AE59: =SUM(AA59,AC59) -> 0 | AF59: =IFERROR(AE59/AD59,"-") -> - | AG59: 0 | AH59: 0 | AI59: 0 | AJ59: 0 | AK59: =SUM(AG59,AI59) -> 0 | AL59: =SUM(AH59,AJ59) -> 0 | AM59: =IFERROR(AL59/AK59,"-") -> - | AN59: 35 | AO59: 2 | AP59: 36 | AQ59: 8 | AR59: =SUM(AN59,AP59) -> 71 | AS59: =SUM(AO59,AQ59) -> 10 | AT59: =IFERROR(AS59/AR59,"-") -> 0.14084507 | AU59: 0 | AV59: 0 | AW59: 0 | AX59: 0 | AY59: =SUM(AU59,AW59) -> 0 | AZ59: =SUM(AV59,AX59) -> 0 | BA59: =IFERROR(AZ59/AY59,"-") -> - | BB59: 0 | BC59: 0 | BD59: 0 | BE59: 0 | BF59: =SUM(BB59,BD59) -> 0 | BG59: =SUM(BC59,BE59) -> 0 | BH59: =IFERROR(BG59/BF59,"-") -> - | BI59: 0 | BJ59: 0 | BK59: 0 | BL59: 0 | BM59: =SUM(BI59,BK59) -> 0 | BN59: =SUM(BJ59,BL59) -> 0 | BO59: =IFERROR(BN59/BM59,"-") -> - | BP59: 0 | BQ59: 0 | BR59: 0 | BS59: 0 | BT59: =SUM(BP59,BR59) -> 0 | BU59: =SUM(BQ59,BS59) -> 0 | BV59: =IFERROR(BU59/BT59,"-") -> - | BW59: =SUM(E59,S59,Z59,AG59,AN59,AU59,L59,BB59,BI59,BP59) -> 35 | BX59: =SUM(F59,T59,AA59,AH59,AO59,AV59,M59,BC59,BJ59,BQ59) -> 2 | BY59: =IFERROR(BX59/BW59,"-") -> 0.057142857 | BZ59: =SUM(G59,U59,AB59,AI59,AP59,AW59,N59,BD59,BK59,BR59) -> 36 | CA59: =SUM(H59,V59,AC59,AJ59,AQ59,AX59,O59,BE59,BL59,BS59) -> 8 | CB59: =IFERROR(CA59/BZ59,"-") -> 0.22222222 | CC59: =SUM(BW59,BZ59) -> 71 | CD59: =SUM(BX59,CA59) -> 10 | CE59: =IFERROR(CD59/CC59,"-") -> 0.14084507 | CF59: 0 | CG59: 0 | CH59: =IFERROR(CG59/CF59,"-") -> -
A60: 10 | B60: RAJAJI NAGAR | C60: DAY | D60: COED | E60: 0 | F60: 0 | G60: 0 | H60: 0 | I60: =SUM(E60,G60) -> 0 | J60: =SUM(F60,H60) -> 0 | K60: =IFERROR(J60/I60,"-") -> - | L60: 0 | M60: 0 | N60: 0 | O60: 0 | P60: =SUM(L60,N60) -> 0 | Q60: =SUM(M60,O60) -> 0 | R60: =IFERROR(Q60/P60,"-") -> - | S60: 20 | T60: 7 | U60: 20 | V60: 12 | W60: =SUM(S60,U60) -> 40 | X60: =SUM(T60,V60) -> 19 | Y60: =IFERROR(X60/W60,"-") -> 0.475 | Z60: 0 | AA60: 0 | AB60: 0 | AC60: 0 | AD60: =SUM(Z60,AB60) -> 0 | AE60: =SUM(AA60,AC60) -> 0 | AF60: =IFERROR(AE60/AD60,"-") -> - | AG60: 6 | AH60: 4 | AI60: 34 | AJ60: 24 | AK60: =SUM(AG60,AI60) -> 40 | AL60: =SUM(AH60,AJ60) -> 28 | AM60: =IFERROR(AL60/AK60,"-") -> 0.7 | AN60: 12 | AO60: 9 | AP60: 217 | AQ60: 110 | AR60: =SUM(AN60,AP60) -> 229 | AS60: =SUM(AO60,AQ60) -> 119 | AT60: =IFERROR(AS60/AR60,"-") -> 0.51965066 | AU60: 9 | AV60: 5 | AW60: 51 | AX60: 32 | AY60: =SUM(AU60,AW60) -> 60 | AZ60: =SUM(AV60,AX60) -> 37 | BA60: =IFERROR(AZ60/AY60,"-") -> 0.61666667 | BB60: 8 | BC60: 4 | BD60: 55 | BE60: 30 | BF60: =SUM(BB60,BD60) -> 63 | BG60: =SUM(BC60,BE60) -> 34 | BH60: =IFERROR(BG60/BF60,"-") -> 0.53968254 | BI60: 0 | BJ60: 0 | BK60: 0 | BL60: 0 | BM60: =SUM(BI60,BK60) -> 0 | BN60: =SUM(BJ60,BL60) -> 0 | BO60: =IFERROR(BN60/BM60,"-") -> - | BP60: 11 | BQ60: 5 | BR60: 43 | BS60: 33 | BT60: =SUM(BP60,BR60) -> 54 | BU60: =SUM(BQ60,BS60) -> 38 | BV60: =IFERROR(BU60/BT60,"-") -> 0.7037037 | BW60: =SUM(E60,S60,Z60,AG60,AN60,AU60,L60,BB60,BI60,BP60) -> 66 | BX60: =SUM(F60,T60,AA60,AH60,AO60,AV60,M60,BC60,BJ60,BQ60) -> 34 | BY60: =IFERROR(BX60/BW60,"-") -> 0.51515152 | BZ60: =SUM(G60,U60,AB60,AI60,AP60,AW60,N60,BD60,BK60,BR60) -> 420 | CA60: =SUM(H60,V60,AC60,AJ60,AQ60,AX60,O60,BE60,BL60,BS60) -> 241 | CB60: =IFERROR(CA60/BZ60,"-") -> 0.57380952 | CC60: =SUM(BW60,BZ60) -> 486 | CD60: =SUM(BX60,CA60) -> 275 | CE60: =IFERROR(CD60/CC60,"-") -> 0.56584362 | CF60: 0 | CG60: 0 | CH60: =IFERROR(CG60/CF60,"-") -> -
A61: 11 | B61: SESHADRIPURAM | C61: DAY | D61: COED | E61: 0 | F61: 0 | G61: 0 | H61: 0 | I61: =SUM(E61,G61) -> 0 | J61: =SUM(F61,H61) -> 0 | K61: =IFERROR(J61/I61,"-") -> - | L61: 0 | M61: 0 | N61: 0 | O61: 0 | P61: =SUM(L61,N61) -> 0 | Q61: =SUM(M61,O61) -> 0 | R61: =IFERROR(Q61/P61,"-") -> - | S61: 34 | T61: 4 | U61: 7 | V61: 1 | W61: =SUM(S61,U61) -> 41 | X61: =SUM(T61,V61) -> 5 | Y61: =IFERROR(X61/W61,"-") -> 0.12195122 | Z61: 0 | AA61: 0 | AB61: 0 | AC61: 0 | AD61: =SUM(Z61,AB61) -> 0 | AE61: =SUM(AA61,AC61) -> 0 | AF61: =IFERROR(AE61/AD61,"-") -> - | AG61: 27 | AH61: 4 | AI61: 30 | AJ61: 12 | AK61: =SUM(AG61,AI61) -> 57 | AL61: =SUM(AH61,AJ61) -> 16 | AM61: =IFERROR(AL61/AK61,"-") -> 0.28070175 | AN61: 21 | AO61: 7 | AP61: 41 | AQ61: 12 | AR61: =SUM(AN61,AP61) -> 62 | AS61: =SUM(AO61,AQ61) -> 19 | AT61: =IFERROR(AS61/AR61,"-") -> 0.30645161 | AU61: 21 | AV61: 11 | AW61: 5 | AX61: 3 | AY61: =SUM(AU61,AW61) -> 26 | AZ61: =SUM(AV61,AX61) -> 14 | BA61: =IFERROR(AZ61/AY61,"-") -> 0.53846154 | BB61: 0 | BC61: 0 | BD61: 0 | BE61: 0 | BF61: =SUM(BB61,BD61) -> 0 | BG61: =SUM(BC61,BE61) -> 0 | BH61: =IFERROR(BG61/BF61,"-") -> - | BI61: 0 | BJ61: 0 | BK61: 0 | BL61: 0 | BM61: =SUM(BI61,BK61) -> 0 | BN61: =SUM(BJ61,BL61) -> 0 | BO61: =IFERROR(BN61/BM61,"-") -> - | BP61: 33 | BQ61: 12 | BR61: 16 | BS61: 2 | BT61: =SUM(BP61,BR61) -> 49 | BU61: =SUM(BQ61,BS61) -> 14 | BV61: =IFERROR(BU61/BT61,"-") -> 0.28571429 | BW61: =SUM(E61,S61,Z61,AG61,AN61,AU61,L61,BB61,BI61,BP61) -> 136 | BX61: =SUM(F61,T61,AA61,AH61,AO61,AV61,M61,BC61,BJ61,BQ61) -> 38 | BY61: =IFERROR(BX61/BW61,"-") -> 0.27941176 | BZ61: =SUM(G61,U61,AB61,AI61,AP61,AW61,N61,BD61,BK61,BR61) -> 99 | CA61: =SUM(H61,V61,AC61,AJ61,AQ61,AX61,O61,BE61,BL61,BS61) -> 30 | CB61: =IFERROR(CA61/BZ61,"-") -> 0.3030303 | CC61: =SUM(BW61,BZ61) -> 235 | CD61: =SUM(BX61,CA61) -> 68 | CE61: =IFERROR(CD61/CC61,"-") -> 0.2893617 | CF61: 0 | CG61: 0 | CH61: =IFERROR(CG61/CF61,"-") -> -
A62: 12 | B62: VIDYARANYAPURA | C62: DAY | D62: COED | E62: 48 | F62: 7 | G62: 0 | H62: 0 | I62: =SUM(E62,G62) -> 48 | J62: =SUM(F62,H62) -> 7 | K62: =IFERROR(J62/I62,"-") -> 0.14583333 | L62: 25 | M62: 2 | N62: 0 | O62: 0 | P62: =SUM(L62,N62) -> 25 | Q62: =SUM(M62,O62) -> 2 | R62: =IFERROR(Q62/P62,"-") -> 0.08 | S62: 32 | T62: 5 | U62: 20 | V62: 3 | W62: =SUM(S62,U62) -> 52 | X62: =SUM(T62,V62) -> 8 | Y62: =IFERROR(X62/W62,"-") -> 0.15384615 | Z62: 0 | AA62: 0 | AB62: 0 | AC62: 0 | AD62: =SUM(Z62,AB62) -> 0 | AE62: =SUM(AA62,AC62) -> 0 | AF62: =IFERROR(AE62/AD62,"-") -> - | AG62: 36 | AH62: 6 | AI62: 31 | AJ62: 5 | AK62: =SUM(AG62,AI62) -> 67 | AL62: =SUM(AH62,AJ62) -> 11 | AM62: =IFERROR(AL62/AK62,"-") -> 0.1641791 | AN62: 0 | AO62: 0 | AP62: 62 | AQ62: 20 | AR62: =SUM(AN62,AP62) -> 62 | AS62: =SUM(AO62,AQ62) -> 20 | AT62: =IFERROR(AS62/AR62,"-") -> 0.32258065 | AU62: 45 | AV62: 13 | AW62: 0 | AX62: 0 | AY62: =SUM(AU62,AW62) -> 45 | AZ62: =SUM(AV62,AX62) -> 13 | BA62: =IFERROR(AZ62/AY62,"-") -> 0.28888889 | BB62: 0 | BC62: 0 | BD62: 0 | BE62: 0 | BF62: =SUM(BB62,BD62) -> 0 | BG62: =SUM(BC62,BE62) -> 0 | BH62: =IFERROR(BG62/BF62,"-") -> - | BI62: 0 | BJ62: 0 | BK62: 0 | BL62: 0 | BM62: =SUM(BI62,BK62) -> 0 | BN62: =SUM(BJ62,BL62) -> 0 | BO62: =IFERROR(BN62/BM62,"-") -> - | BP62: 32 | BQ62: 4 | BR62: 34 | BS62: 4 | BT62: =SUM(BP62,BR62) -> 66 | BU62: =SUM(BQ62,BS62) -> 8 | BV62: =IFERROR(BU62/BT62,"-") -> 0.12121212 | BW62: =SUM(E62,S62,Z62,AG62,AN62,AU62,L62,BB62,BI62,BP62) -> 218 | BX62: =SUM(F62,T62,AA62,AH62,AO62,AV62,M62,BC62,BJ62,BQ62) -> 37 | BY62: =IFERROR(BX62/BW62,"-") -> 0.16972477 | BZ62: =SUM(G62,U62,AB62,AI62,AP62,AW62,N62,BD62,BK62,BR62) -> 147 | CA62: =SUM(H62,V62,AC62,AJ62,AQ62,AX62,O62,BE62,BL62,BS62) -> 32 | CB62: =IFERROR(CA62/BZ62,"-") -> 0.21768707 | CC62: =SUM(BW62,BZ62) -> 365 | CD62: =SUM(BX62,CA62) -> 69 | CE62: =IFERROR(CD62/CC62,"-") -> 0.1890411 | CF62: 0 | CG62: 0 | CH62: =IFERROR(CG62/CF62,"-") -> -
A63: 13 | B63: YESHWANTHPUR | C63: DAY | D63: COED | E63: 0 | F63: 0 | G63: 0 | H63: 0 | I63: =SUM(E63,G63) -> 0 | J63: =SUM(F63,H63) -> 0 | K63: =IFERROR(J63/I63,"-") -> - | L63: 0 | M63: 0 | N63: 0 | O63: 0 | P63: =SUM(L63,N63) -> 0 | Q63: =SUM(M63,O63) -> 0 | R63: =IFERROR(Q63/P63,"-") -> - | S63: 0 | T63: 0 | U63: 0 | V63: 0 | W63: =SUM(S63,U63) -> 0 | X63: =SUM(T63,V63) -> 0 | Y63: =IFERROR(X63/W63,"-") -> - | Z63: 0 | AA63: 0 | AB63: 0 | AC63: 0 | AD63: =SUM(Z63,AB63) -> 0 | AE63: =SUM(AA63,AC63) -> 0 | AF63: =IFERROR(AE63/AD63,"-") -> - | AG63: 0 | AH63: 0 | AI63: 0 | AJ63: 0 | AK63: =SUM(AG63,AI63) -> 0 | AL63: =SUM(AH63,AJ63) -> 0 | AM63: =IFERROR(AL63/AK63,"-") -> - | AN63: 6 | AO63: 1 | AP63: 57 | AQ63: 13 | AR63: =SUM(AN63,AP63) -> 63 | AS63: =SUM(AO63,AQ63) -> 14 | AT63: =IFERROR(AS63/AR63,"-") -> 0.22222222 | AU63: 0 | AV63: 0 | AW63: 0 | AX63: 0 | AY63: =SUM(AU63,AW63) -> 0 | AZ63: =SUM(AV63,AX63) -> 0 | BA63: =IFERROR(AZ63/AY63,"-") -> - | BB63: 7 | BC63: 1 | BD63: 19 | BE63: 6 | BF63: =SUM(BB63,BD63) -> 26 | BG63: =SUM(BC63,BE63) -> 7 | BH63: =IFERROR(BG63/BF63,"-") -> 0.26923077 | BI63: 7 | BJ63: 0 | BK63: 20 | BL63: 7 | BM63: =SUM(BI63,BK63) -> 27 | BN63: =SUM(BJ63,BL63) -> 7 | BO63: =IFERROR(BN63/BM63,"-") -> 0.25925926 | BP63: 0 | BQ63: 0 | BR63: 0 | BS63: 0 | BT63: =SUM(BP63,BR63) -> 0 | BU63: =SUM(BQ63,BS63) -> 0 | BV63: =IFERROR(BU63/BT63,"-") -> - | BW63: =SUM(E63,S63,Z63,AG63,AN63,AU63,L63,BB63,BI63,BP63) -> 20 | BX63: =SUM(F63,T63,AA63,AH63,AO63,AV63,M63,BC63,BJ63,BQ63) -> 2 | BY63: =IFERROR(BX63/BW63,"-") -> 0.1 | BZ63: =SUM(G63,U63,AB63,AI63,AP63,AW63,N63,BD63,BK63,BR63) -> 96 | CA63: =SUM(H63,V63,AC63,AJ63,AQ63,AX63,O63,BE63,BL63,BS63) -> 26 | CB63: =IFERROR(CA63/BZ63,"-") -> 0.27083333 | CC63: =SUM(BW63,BZ63) -> 116 | CD63: =SUM(BX63,CA63) -> 28 | CE63: =IFERROR(CD63/CC63,"-") -> 0.24137931 | CF63: 0 | CG63: 0 | CH63: =IFERROR(CG63/CF63,"-") -> -
... A88: 38 | B88: SHIVAMOGGA | C88: DAY | D88: COED | E88: 0 | F88: 0 | G88: 0 | H88: 0 | I88: =SUM(E88,G88) -> 0 | J88: =SUM(F88,H88) -> 0 | K88: =IFERROR(J88/I88,"-") -> - | L88: 0 | M88: 0 | N88: 0 | O88: 0 | P88: =SUM(L88,N88) -> 0 | Q88: =SUM(M88,O88) -> 0 | R88: =IFERROR(Q88/P88,"-") -> - | S88: 0 | T88: 0 | U88: 0 | V88: 0 | W88: =SUM(S88,U88) -> 0 | X88: =SUM(T88,V88) -> 0 | Y88: =IFERROR(X88/W88,"-") -> - | Z88: 0 | AA88: 0 | AB88: 0 | AC88: 0 | AD88: =SUM(Z88,AB88) -> 0 | AE88: =SUM(AA88,AC88) -> 0 | AF88: =IFERROR(AE88/AD88,"-") -> - | AG88: 0 | AH88: 0 | AI88: 0 | AJ88: 0 | AK88: =SUM(AG88,AI88) -> 0 | AL88: =SUM(AH88,AJ88) -> 0 | AM88: =IFERROR(AL88/AK88,"-") -> - | AN88: 0 | AO88: 0 | AP88: 0 | AQ88: 0 | AR88: =SUM(AN88,AP88) -> 0 | AS88: =SUM(AO88,AQ88) -> 0 | AT88: =IFERROR(AS88/AR88,"-") -> - | AU88: 0 | AV88: 0 | AW88: 0 | AX88: 0 | AY88: =SUM(AU88,AW88) -> 0 | AZ88: =SUM(AV88,AX88) -> 0 | BA88: =IFERROR(AZ88/AY88,"-") -> - | BB88: 0 | BC88: 0 | BD88: 0 | BE88: 0 | BF88: =SUM(BB88,BD88) -> 0 | BG88: =SUM(BC88,BE88) -> 0 | BH88: =IFERROR(BG88/BF88,"-") -> - | BI88: 0 | BJ88: 0 | BK88: 0 | BL88: 0 | BM88: =SUM(BI88,BK88) -> 0 | BN88: =SUM(BJ88,BL88) -> 0 | BO88: =IFERROR(BN88/BM88,"-") -> - | BP88: 0 | BQ88: 0 | BR88: 0 | BS88: 0 | BT88: =SUM(BP88,BR88) -> 0 | BU88: =SUM(BQ88,BS88) -> 0 | BV88: =IFERROR(BU88/BT88,"-") -> - | BW88: =SUM(E88,S88,Z88,AG88,AN88,AU88,L88,BB88,BI88,BP88) -> 0 | BX88: =SUM(F88,T88,AA88,AH88,AO88,AV88,M88,BC88,BJ88,BQ88) -> 0 | BY88: =IFERROR(BX88/BW88,"-") -> - | BZ88: =SUM(G88,U88,AB88,AI88,AP88,AW88,N88,BD88,BK88,BR88) -> 0 | CA88: =SUM(H88,V88,AC88,AJ88,AQ88,AX88,O88,BE88,BL88,BS88) -> 0 | CB88: =IFERROR(CA88/BZ88,"-") -> - | CC88: =SUM(BW88,BZ88) -> 0 | CD88: =SUM(BX88,CA88) -> 0 | CE88: =IFERROR(CD88/CC88,"-") -> - | CF88: 0 | CG88: 0 | CH88: =IFERROR(CG88/CF88,"-") -> -
B89: TOTAL | E89: =SUM(E51:E88) -> 282 | F89: =SUM(F51:F88) -> 84 | G89: =SUM(G51:G88) -> 0 | H89: =SUM(H51:H88) -> 0 | I89: =SUM(E89,G89) -> 282 | J89: =SUM(F89,H89) -> 84 | K89: =IFERROR(J89/I89,"-") -> 0.29787234 | L89: =SUM(L51:L88) -> 467 | M89: =SUM(M51:M88) -> 119 | N89: =SUM(N51:N88) -> 92 | O89: =SUM(O51:O88) -> 35 | P89: =SUM(L89,N89) -> 559 | Q89: =SUM(M89,O89) -> 154 | R89: =IFERROR(Q89/P89,"-") -> 0.27549195 | S89: =SUM(S51:S88) -> 617 | T89: =SUM(T51:T88) -> 120 | U89: =SUM(U51:U88) -> 252 | V89: =SUM(V51:V88) -> 73 | W89: =SUM(S89,U89) -> 869 | X89: =SUM(T89,V89) -> 193 | Y89: =IFERROR(X89/W89,"-") -> 0.22209436 | Z89: =SUM(Z51:Z88) -> 54 | AA89: =SUM(AA51:AA88) -> 19 | AB89: =SUM(AB51:AB88) -> 0 | AC89: =SUM(AC51:AC88) -> 0 | AD89: =SUM(Z89,AB89) -> 54 | AE89: =SUM(AA89,AC89) -> 19 | AF89: =IFERROR(AE89/AD89,"-") -> 0.35185185 | AG89: =SUM(AG51:AG88) -> 503 | AH89: =SUM(AH51:AH88) -> 134 | AI89: =SUM(AI51:AI88) -> 548 | AJ89: =SUM(AJ51:AJ88) -> 208 | AK89: =SUM(AG89,AI89) -> 1051 | AL89: =SUM(AH89,AJ89) -> 342 | AM89: =IFERROR(AL89/AK89,"-") -> 0.32540438 | AN89: =SUM(AN51:AN88) -> 466 | AO89: =SUM(AO51:AO88) -> 116 | AP89: =SUM(AP51:AP88) -> 1539 | AQ89: =SUM(AQ51:AQ88) -> 463 | AR89: =SUM(AN89,AP89) -> 2005 | AS89: =SUM(AO89,AQ89) -> 579 | AT89: =IFERROR(AS89/AR89,"-") -> 0.28877805 | AU89: =SUM(AU51:AU88) -> 783 | AV89: =SUM(AV51:AV88) -> 472 | AW89: =SUM(AW51:AW88) -> 418 | AX89: =SUM(AX51:AX88) -> 203 | AY89: =SUM(AU89,AW89) -> 1201 | AZ89: =SUM(AV89,AX89) -> 675 | BA89: =IFERROR(AZ89/AY89,"-") -> 0.56203164 | BB89: =SUM(BB51:BB88) -> 191 | BC89: =SUM(BC51:BC88) -> 53 | BD89: =SUM(BD51:BD88) -> 354 | BE89: =SUM(BE51:BE88) -> 118 | BF89: =SUM(BB89,BD89) -> 545 | BG89: =SUM(BC89,BE89) -> 171 | BH89: =IFERROR(BG89/BF89,"-") -> 0.31376147 | BI89: =SUM(BI51:BI88) -> 162 | BJ89: =SUM(BJ51:BJ88) -> 30 | BK89: =SUM(BK51:BK88) -> 492 | BL89: =SUM(BL51:BL88) -> 154 | BM89: =SUM(BI89,BK89) -> 654 | BN89: =SUM(BJ89,BL89) -> 184 | BO89: =IFERROR(BN89/BM89,"-") -> 0.28134557 | BP89: =SUM(BP51:BP88) -> 331 | BQ89: =SUM(BQ51:BQ88) -> 74 | BR89: =SUM(BR51:BR88) -> 452 | BS89: =SUM(BS51:BS88) -> 177 | BT89: =SUM(BP89,BR89) -> 783 | BU89: =SUM(BQ89,BS89) -> 251 | BV89: =IFERROR(BU89/BT89,"-") -> 0.32056194 | BW89: =SUM(BW51:BW88) -> 3856 | BX89: =SUM(BX51:BX88) -> 1221 | BY89: =IFERROR(BX89/BW89,"-") -> 0.31664938 | BZ89: =SUM(BZ51:BZ88) -> 4147 | CA89: =SUM(CA51:CA88) -> 1431 | CB89: =IFERROR(CA89/BZ89,"-") -> 0.34506872 | CC89: =SUM(CC51:CC88) -> 8003 | CD89: =SUM(CD51:CD88) -> 2652 | CE89: =IFERROR(CD89/CC89,"-") -> 0.33137573 | CF89: =SUM(CF51:CF88) -> 128 | CG89: =SUM(CG51:CG88) -> 113 | CH89: =IFERROR(CG89/CF89,"-") -> 0.8828125
